NOM_COM,INSEE_COM,POP14,ISA,NO2_VL_LD_nb,NO2_VL_LD_po,PM10_VL_nb,PM10_VL_po,PM10_LD_nb,PM10_LD_po,O3_VC_nb,O3_VC_po,O3_LD_nb,O3_LD_po
Aiglun,04001,1356,33,0,0,0,0,0,0,1350,100,1356,100
Allemagne-en-Provence,04004,525,36,0,0,0,0,0,0,519,99,525,100
Allons,04005,149,21,0,0,0,0,0,0,149,100,149,100
Allos,04006,639,21,0,0,0,0,0,0,639,100,639,100
Angles,04007,62,22,0,0,0,0,0,0,62,100,62,100
Annot,04008,1054,27,0,0,0,0,0,0,1054,100,1054,100
Archail,04009,18,26,0,0,0,0,0,0,18,100,18,100
Aubenas-les-Alpes,04012,104,33,0,0,0,0,0,0,104,100,104,100
Aubignosc,04013,561,34,0,0,0,0,0,0,537,96,561,100
Authon,04016,48,26,0,0,0,0,0,0,48,100,48,100
Auzet,04017,96,23,0,0,0,0,0,0,96,100,96,100
Banon,04018,996,31,0,0,0,0,0,0,996,100,996,100
Barcelonnette,04019,2698,26,0,0,0,0,0,0,2698,100,2698,100
Barles,04020,142,26,0,0,0,0,0,0,142,100,142,100
Barras,04021,136,31,0,0,0,0,0,0,136,100,136,100
Barrême,04022,435,30,0,0,0,0,0,0,435,100,435,100
Bayons,04023,187,28,0,0,0,0,0,0,187,100,187,100
Beaujeu,04024,141,27,0,0,0,0,0,0,141,100,141,100
Beauvezer,04025,363,21,0,0,0,0,0,0,363,100,363,100
Bellaffaire,04026,150,26,0,0,0,0,0,0,150,100,150,100
Bevons,04027,241,32,0,0,0,0,0,0,241,100,241,100
Beynes,04028,123,30,0,0,0,0,0,0,123,100,123,100
Blieux,04030,59,24,0,0,0,0,0,0,59,100,59,100
Bras-d'Asse,04031,574,34,0,0,0,0,0,0,574,100,574,100
Braux,04032,121,22,0,0,0,0,0,0,121,100,121,100
Ubaye-Serre-Ponçon,04033,708,25,0,0,0,0,0,0,706,100,708,100
La Brillanne,04034,1109,39,0,0,0,0,0,0,1109,100,1109,100
Brunet,04035,261,34,0,0,0,0,0,0,261,100,261,100
Le Brusquet,04036,965,30,0,0,0,0,0,0,965,100,965,100
Le Caire,04037,63,29,0,0,0,0,0,0,63,100,63,100
Castellane,04039,1541,27,0,0,0,0,0,0,1541,100,1541,100
Le Castellard-Mélan,04040,70,26,0,0,0,0,0,0,70,100,70,100
Le Castellet,04041,294,34,0,0,0,0,0,0,294,100,294,100
Castellet-lès-Sausses,04042,138,25,0,0,0,0,0,0,138,100,138,100
Val-de-Chalvagne,04043,85,23,0,0,0,0,0,0,85,100,85,100
Céreste,04045,1194,39,0,0,0,0,1,0,1194,100,1194,100
Le Chaffaut-Saint-Jurson,04046,707,33,0,0,0,0,0,0,707,100,707,100
Champtercier,04047,766,31,0,0,0,0,0,0,759,99,766,100
Château-Arnoux-Saint-Auban,04049,5210,37,0,0,0,0,0,0,5210,100,5210,100
Châteaufort,04050,28,31,0,0,0,0,0,0,28,100,28,100
Châteauneuf-Miravail,04051,74,29,0,0,0,0,0,0,74,100,74,100
Châteauneuf-Val-Saint-Donat,04053,499,33,0,0,0,0,0,0,499,100,499,100
Châteauredon,04054,73,32,0,0,0,0,0,0,73,100,73,100
Chaudon-Norante,04055,186,28,0,0,0,0,0,0,186,100,186,100
Clamensane,04057,178,30,0,0,0,0,0,0,178,100,178,100
Claret,04058,255,32,0,0,0,0,0,0,219,86,255,100
Clumanc,04059,197,26,0,0,0,0,0,0,194,99,197,100
Colmars,04061,398,21,0,0,0,0,0,0,398,100,398,100
La Condamine-Châtelard,04062,185,22,0,0,0,0,0,0,185,100,185,100
Corbières,04063,1097,40,0,0,0,0,0,0,1097,100,1097,100
Cruis,04065,646,31,0,0,0,0,0,0,646,100,646,100
Curbans,04066,512,32,0,0,0,0,0,0,5,1,512,100
Curel,04067,59,28,0,0,0,0,0,0,59,100,59,100
Dauphin,04068,817,38,0,0,0,0,0,0,817,100,817,100
Demandolx,04069,125,22,0,0,0,0,0,0,125,100,125,100
Digne-les-Bains,04070,16304,37,0,0,0,0,3,0,16304,100,16304,100
Draix,04072,108,28,0,0,0,0,0,0,108,100,108,100
Enchastrayes,04073,390,22,0,0,0,0,0,0,390,100,390,100
Entrages,04074,110,27,0,0,0,0,0,0,110,100,110,100
Entrepierres,04075,392,31,0,0,0,0,0,0,392,100,392,100
Entrevaux,04076,880,29,0,0,0,0,0,0,880,100,880,100
Entrevennes,04077,160,31,0,0,0,0,0,0,160,100,160,100
L'Escale,04079,1384,35,0,0,0,0,0,0,1384,100,1384,100
Esparron-de-Verdon,04081,422,36,0,0,0,0,0,0,422,100,422,100
Estoublon,04084,481,33,0,0,0,0,0,0,481,100,481,100
Faucon-du-Caire,04085,54,26,0,0,0,0,0,0,54,100,54,100
Faucon-de-Barcelonnette,04086,304,24,0,0,0,0,0,0,301,99,304,100
Fontienne,04087,130,31,0,0,0,0,0,0,130,100,130,100
Forcalquier,04088,4910,37,0,0,0,0,0,0,4910,100,4910,100
Le Fugeret,04090,186,24,0,0,0,0,0,0,186,100,186,100
Ganagobie,04091,80,32,0,0,0,0,0,0,80,100,80,100
La Garde,04092,77,25,0,0,0,0,0,0,77,100,77,100
Gigors,04093,59,27,0,0,0,0,0,0,59,100,59,100
Gréoux-les-Bains,04094,2645,39,0,0,0,0,0,0,2645,100,2645,100
L'Hospitalet,04095,89,27,0,0,0,0,0,0,89,100,89,100
Jausiers,04096,1134,24,0,0,0,0,0,0,1134,100,1134,100
La Javie,04097,392,29,0,0,0,0,0,0,392,100,392,100
Lambruisse,04099,99,22,0,0,0,0,0,0,99,100,99,100
Lardiers,04101,113,29,0,0,0,0,0,0,113,100,113,100
Le Lauzet-Ubaye,04102,224,27,0,0,0,0,0,0,224,100,224,100
Limans,04104,353,33,0,0,0,0,0,0,353,100,353,100
Lurs,04106,374,34,0,0,0,0,0,0,374,100,374,100
Majastres,04107,3,23,0,0,0,0,0,0,3,100,3,100
Malijai,04108,1990,37,0,0,0,0,0,0,1978,99,1990,100
Mallefougasse-Augès,04109,316,30,0,0,0,0,0,0,316,100,316,100
Mallemoisson,04110,1029,35,0,0,0,0,0,0,1029,100,1029,100
Mane,04111,1376,38,0,0,0,0,0,0,1376,100,1376,100
Manosque,04112,21941,45,15,0,0,0,571,3,21940,100,21941,100
Marcoux,04113,517,31,0,0,0,0,0,0,517,100,517,100
Méailles,04115,110,22,0,0,0,0,0,0,110,100,110,100
Les Mées,04116,3629,37,0,0,0,0,0,0,3629,100,3629,100
Melve,04118,112,28,0,0,0,0,0,0,112,100,112,100
Val d'Oronaye,04120,113,22,0,0,0,0,0,0,113,100,113,100
Mézel,04121,678,33,0,0,0,0,0,0,678,100,678,100
Mirabeau,04122,501,32,0,0,0,0,0,0,501,100,501,100
Mison,04123,1085,32,0,0,0,0,0,0,1085,100,1085,100
Montagnac-Montpezat,04124,418,33,0,0,0,0,0,0,418,100,418,100
Montclar,04126,427,23,0,0,0,0,0,0,427,100,427,100
Montfort,04127,356,34,0,0,0,0,0,0,354,100,356,100
Montfuron,04128,211,33,0,0,0,0,0,0,211,100,211,100
Montjustin,04129,56,35,0,0,0,0,0,0,56,100,56,100
Montlaux,04130,144,32,0,0,0,0,0,0,144,100,144,100
Montsalier,04132,118,30,0,0,0,0,0,0,118,100,118,100
Moriez,04133,218,24,0,0,0,0,0,0,218,100,218,100
La Motte-du-Caire,04134,545,31,0,0,0,0,0,0,545,100,545,100
Moustiers-Sainte-Marie,04135,686,32,0,0,0,0,0,0,686,100,686,100
La Mure-Argens,04136,344,23,0,0,0,0,0,0,344,100,344,100
Nibles,04137,43,32,0,0,0,0,0,0,43,100,43,100
Niozelles,04138,277,36,0,0,0,0,0,0,277,100,277,100
Noyers-sur-Jabron,04139,497,31,0,0,0,0,0,0,497,100,497,100
Les Omergues,04140,131,27,0,0,0,0,0,0,131,100,131,100
Ongles,04141,356,32,0,0,0,0,0,0,356,100,356,100
Oppedette,04142,57,33,0,0,0,0,0,0,57,100,57,100
Oraison,04143,5792,40,0,0,0,0,0,0,5792,100,5792,100
La Palud-sur-Verdon,04144,337,26,0,0,0,0,0,0,337,100,337,100
Peipin,04145,1484,35,0,0,0,0,0,0,1484,100,1484,100
Peyroules,04148,230,22,0,0,0,0,0,0,230,100,230,100
Peyruis,04149,2829,38,0,0,0,0,0,0,2829,100,2829,100
Piégut,04150,161,27,0,0,0,0,0,0,0,0,161,100
Pierrerue,04151,493,35,0,0,0,0,0,0,493,100,493,100
Pierrevert,04152,3690,38,0,0,0,0,0,0,3690,100,3690,100
Pontis,04154,83,26,0,0,0,0,0,0,83,100,83,100
Prads-Haute-Bléone,04155,187,25,0,0,0,0,0,0,187,100,187,100
Puimichel,04156,203,30,0,0,0,0,0,0,203,100,203,100
Puimoisson,04157,742,32,0,0,0,0,0,0,742,100,742,100
Quinson,04158,443,36,0,0,0,0,0,0,443,100,443,100
Redortiers,04159,66,25,0,0,0,0,0,0,66,100,66,100
Reillanne,04160,1589,35,0,0,0,0,0,0,1589,100,1589,100
Méolans-Revel,04161,336,24,0,0,0,0,0,0,336,100,336,100
Revest-des-Brousses,04162,275,33,0,0,0,0,0,0,275,100,275,100
Revest-du-Bion,04163,577,27,0,0,0,0,0,0,576,100,577,100
Revest-Saint-Martin,04164,60,30,0,0,0,0,0,0,60,100,60,100
Riez,04166,1825,35,0,0,0,0,0,0,1825,100,1825,100
La Robine-sur-Galabre,04167,303,29,0,0,0,0,0,0,303,100,303,100
La Rochegiron,04169,93,28,0,0,0,0,0,0,93,100,93,100
La Rochette,04170,65,23,0,0,0,0,0,0,65,100,65,100
Rougon,04171,103,24,0,0,0,0,0,0,103,100,103,100
Roumoules,04172,729,32,0,0,0,0,0,0,729,100,729,100
Saint-André-les-Alpes,04173,958,25,0,0,0,0,0,0,958,100,958,100
Saint-Benoît,04174,139,26,0,0,0,0,0,0,139,100,139,100
Sainte-Croix-à-Lauze,04175,83,33,0,0,0,0,0,0,83,100,83,100
Sainte-Croix-du-Verdon,04176,121,33,0,0,0,0,0,0,121,100,121,100
Hautes-Duyes,04177,42,27,0,0,0,0,0,0,42,100,42,100
Saint-Étienne-les-Orgues,04178,1255,33,0,0,0,0,0,0,1255,100,1255,100
Saint-Geniez,04179,95,26,0,0,0,0,0,0,95,100,95,100
Saint-Jacques,04180,56,25,0,0,0,0,0,0,56,100,56,100
Saint-Jeannet,04181,63,30,0,0,0,0,0,0,63,100,63,100
Saint-Julien-d'Asse,04182,187,34,0,0,0,0,0,0,187,100,187,100
Saint-Julien-du-Verdon,04183,153,24,0,0,0,0,0,0,153,100,153,100
Saint-Jurs,04184,140,27,0,0,0,0,0,0,140,100,140,100
Saint-Laurent-du-Verdon,04186,91,34,0,0,0,0,0,0,91,100,91,100
Saint-Lions,04187,50,26,0,0,0,0,0,0,50,100,50,100
Saint-Maime,04188,822,38,0,0,0,0,0,0,822,100,822,100
Saint-Martin-de-Brômes,04189,576,37,0,0,0,0,0,0,576,100,576,100
Saint-Martin-les-Eaux,04190,115,35,0,0,0,0,0,0,115,100,115,100
Saint-Martin-lès-Seyne,04191,12,24,0,0,0,0,0,0,12,100,12,100
Saint-Michel-l'Observatoire,04192,1224,38,0,0,0,0,16,1,1222,100,1224,100
Saint-Paul-sur-Ubaye,04193,202,22,0,0,0,0,0,0,202,100,202,100
Saint-Pierre,04194,97,25,0,0,0,0,0,0,97,100,97,100
Saint-Pons,04195,656,24,0,0,0,0,0,0,656,100,656,100
Sainte-Tulle,04197,3398,42,0,0,0,0,0,0,3396,100,3398,100
Saint-Vincent-sur-Jabron,04199,209,30,0,0,0,0,0,0,209,100,209,100
Salignac,04200,629,33,0,0,0,0,0,0,629,100,629,100
Saumane,04201,107,28,0,0,0,0,0,0,107,100,107,100
Sausses,04202,122,25,0,0,0,0,0,0,122,100,122,100
Selonnet,04203,438,23,0,0,0,0,0,0,438,100,438,100
Senez,04204,166,26,0,0,0,0,0,0,166,100,166,100
Seyne,04205,1365,25,0,0,0,0,0,0,1364,100,1365,100
Sigonce,04206,420,35,0,0,0,0,0,0,420,100,420,100
Sigoyer,04207,103,30,0,0,0,0,0,0,103,100,103,100
Simiane-la-Rotonde,04208,590,31,0,0,0,0,0,0,589,100,590,100
Sisteron,04209,7281,36,0,0,0,0,4,0,7281,100,7281,100
Soleilhas,04210,122,22,0,0,0,0,0,0,122,100,122,100
Sourribes,04211,182,34,0,0,0,0,0,0,182,100,182,100
Tartonne,04214,140,25,0,0,0,0,0,0,140,100,140,100
Thèze,04216,227,34,0,0,0,0,0,0,221,97,227,100
Thoard,04217,728,30,0,0,0,0,0,0,728,100,728,100
Thorame-Basse,04218,220,22,0,0,0,0,0,0,220,100,220,100
Thorame-Haute,04219,235,22,0,0,0,0,0,0,235,100,235,100
Les Thuiles,04220,389,25,0,0,0,0,0,0,389,100,389,100
Turriers,04222,339,26,0,0,0,0,0,0,339,100,339,100
Ubraye,04224,89,22,0,0,0,0,0,0,89,100,89,100
Uvernet-Fours,04226,582,22,0,0,0,0,0,0,582,100,582,100
Vachères,04227,255,30,0,0,0,0,0,0,255,100,255,100
Valavoire,04228,43,25,0,0,0,0,0,0,43,100,43,100
Valbelle,04229,258,32,0,0,0,0,0,0,258,100,258,100
Valensole,04230,3206,36,0,0,0,0,0,0,3206,100,3206,100
Valernes,04231,255,32,0,0,0,0,0,0,255,100,255,100
Vaumeilh,04233,263,32,0,0,0,0,0,0,262,100,263,100
Venterol,04234,248,27,0,0,0,0,0,0,54,22,248,100
Verdaches,04235,62,24,0,0,0,0,0,0,62,100,62,100
Vergons,04236,116,22,0,0,0,0,0,0,116,100,116,100
Le Vernet,04237,130,25,0,0,0,0,0,0,130,100,130,100
Villars-Colmars,04240,255,21,0,0,0,0,0,0,255,100,255,100
Villemus,04241,177,34,0,0,0,0,0,0,177,100,177,100
Villeneuve,04242,4048,39,0,0,0,0,0,0,4048,100,4048,100
Volonne,04244,1669,36,0,0,0,0,0,0,1669,100,1669,100
Volx,04245,3134,40,0,0,0,0,0,0,3134,100,3134,100
Abriès,05001,311,22,0,0,0,0,0,0,311,100,311,100
Aiguilles,05003,434,22,0,0,0,0,0,0,434,100,434,100
Ancelle,05004,903,23,0,0,0,0,0,0,357,39,903,100
L'Argentière-la-Bessée,05006,2317,31,0,0,0,0,0,0,2302,99,2317,100
Arvieux,05007,366,21,0,0,0,0,0,0,366,100,366,100
Aspremont,05008,332,31,0,0,0,0,0,0,36,11,332,100
Aspres-lès-Corps,05009,111,27,0,0,0,0,0,0,1,1,111,100
Aspres-sur-Buëch,05010,830,31,0,0,0,0,0,0,0,0,830,100
Avançon,05011,403,28,0,0,0,0,0,0,0,0,403,100
Baratier,05012,539,31,0,0,0,0,0,0,539,100,539,100
Barcillonnette,05013,158,31,0,0,0,0,0,0,158,100,158,100
Barret-sur-Méouge,05014,229,30,0,0,0,0,0,0,229,100,229,100
La Bâtie-Montsaléon,05016,224,30,0,0,0,0,0,0,0,0,224,100
La Bâtie-Neuve,05017,2468,28,0,0,0,0,0,0,4,0,2468,100
La Bâtie-Vieille,05018,331,26,0,0,0,0,0,0,0,0,331,100
La Beaume,05019,155,27,0,0,0,0,0,0,155,100,155,100
Le Bersac,05021,150,30,0,0,0,0,0,0,0,0,150,100
Bréziers,05022,200,28,0,0,0,0,0,0,199,99,200,100
Briançon,05023,12392,30,0,0,0,0,14,0,330,3,12392,100
Valdoule,05024,206,30,0,0,0,0,0,0,206,100,206,100
Buissard,05025,203,25,0,0,0,0,0,0,0,0,203,100
Ceillac,05026,296,21,0,0,0,0,0,0,296,100,296,100
Cervières,05027,183,21,0,0,0,0,0,0,183,100,183,100
Chabestan,05028,141,29,0,0,0,0,0,0,0,0,141,100
Chabottes,05029,818,25,0,0,0,0,0,0,0,0,818,100
Champcella,05031,178,24,0,0,0,0,0,0,178,100,178,100
Champoléon,05032,144,24,0,0,0,0,0,0,144,100,144,100
Chanousse,05033,48,28,0,0,0,0,0,0,48,100,48,100
Châteauneuf-d'Oze,05035,26,26,0,0,0,0,0,0,22,85,26,100
Châteauroux-les-Alpes,05036,1120,28,0,0,0,0,0,0,1120,100,1120,100
Châteauvieux,05037,483,29,0,0,0,0,0,0,0,0,483,100
Château-Ville-Vieille,05038,338,22,0,0,0,0,0,0,338,100,338,100
Aubessagne,05039,716,26,0,0,0,0,0,0,0,0,716,100
Chorges,05040,2791,29,0,0,0,0,0,0,91,3,2791,100
Crévoux,05044,137,22,0,0,0,0,0,0,137,100,137,100
Crots,05045,1011,28,0,0,0,0,0,0,1011,100,1011,100
Embrun,05046,6150,33,0,0,0,0,0,0,6150,100,6150,100
Éourres,05047,131,25,0,0,0,0,0,0,131,100,131,100
L'Épine,05048,190,28,0,0,0,0,0,0,190,100,190,100
Esparron,05049,39,28,0,0,0,0,0,0,39,100,39,100
Espinasses,05050,694,31,0,0,0,0,0,0,0,0,694,100
Étoile-Saint-Cyrice,05051,31,27,0,0,0,0,0,0,31,100,31,100
Eygliers,05052,762,28,0,0,0,0,0,0,762,100,762,100
Garde-Colombe,05053,547,34,0,0,0,0,0,0,31,6,547,100
La Fare-en-Champsaur,05054,463,28,0,0,0,0,0,0,0,0,463,100
La Faurie,05055,308,29,0,0,0,0,0,0,308,100,308,100
Forest-Saint-Julien,05056,302,24,0,0,0,0,0,0,0,0,302,100
Fouillouse,05057,225,30,0,0,0,0,0,0,0,0,225,100
Freissinières,05058,209,24,0,0,0,0,0,0,209,100,209,100
La Freissinouse,05059,769,26,0,0,0,0,0,0,0,0,769,100
Furmeyer,05060,140,28,0,0,0,0,0,0,0,0,140,100
Gap,05061,40225,37,58,0,0,0,2197,5,0,0,40225,100
Le Glaizil,05062,178,26,0,0,0,0,0,0,0,0,178,100
La Grave,05063,487,22,0,0,0,0,0,0,487,100,487,100
La Chapelle-en-Valgaudémar,05064,100,26,0,0,0,0,0,0,100,100,100,100
Guillestre,05065,2323,28,0,0,0,0,0,0,2323,100,2323,100
La Haute-Beaume,05066,9,24,0,0,0,0,0,0,9,100,9,100
Jarjayes,05068,406,27,0,0,0,0,0,0,0,0,406,100
Laragne-Montéglin,05070,3480,37,0,0,0,0,0,0,203,6,3480,100
Lardier-et-Valença,05071,323,30,0,0,0,0,0,0,1,0,323,100
Laye,05072,236,23,0,0,0,0,0,0,0,0,236,100
Lazer,05073,356,32,0,0,0,0,0,0,57,16,356,100
Lettret,05074,173,31,0,0,0,0,0,0,0,0,173,100
Manteyer,05075,422,25,0,0,0,0,0,0,10,2,422,100
Méreuil,05076,78,31,0,0,0,0,0,0,11,15,78,100
Molines-en-Queyras,05077,307,21,0,0,0,0,0,0,307,100,307,100
Monêtier-Allemont,05078,298,35,0,0,0,0,0,0,1,0,298,100
Le Monêtier-les-Bains,05079,1007,23,0,0,0,0,0,0,1007,100,1007,100
Montbrand,05080,66,25,0,0,0,0,0,0,66,100,66,100
Montclus,05081,59,29,0,0,0,0,0,0,58,98,59,100
Mont-Dauphin,05082,151,27,0,0,0,0,0,0,151,100,151,100
Montgardin,05084,461,28,0,0,0,0,0,0,0,0,461,100
Montgenèvre,05085,536,21,0,0,0,0,0,0,536,100,536,100
Montjay,05086,104,28,0,0,0,0,0,0,104,100,104,100
Montmaur,05087,519,28,0,0,0,0,0,0,405,78,519,100
Montrond,05089,63,32,0,0,0,0,0,0,0,0,63,100
La Motte-en-Champsaur,05090,219,25,0,0,0,0,0,0,11,5,219,100
Moydans,05091,52,32,0,0,0,0,0,0,52,100,52,100
Neffes,05092,748,30,0,0,0,0,0,0,0,0,748,100
Névache,05093,361,22,0,0,0,0,0,0,361,100,361,100
Nossage-et-Bénévent,05094,13,30,0,0,0,0,0,0,13,100,13,100
Le Noyer,05095,283,25,0,0,0,0,0,0,0,0,283,100
Orcières,05096,701,22,0,0,0,0,0,0,701,100,701,100
Orpierre,05097,329,31,0,0,0,0,0,0,329,100,329,100
Les Orres,05098,550,26,0,0,0,0,0,0,550,100,550,100
Oze,05099,106,28,0,0,0,0,0,0,0,0,106,100
Pelleautier,05100,675,26,0,0,0,0,0,0,0,0,675,100
Vallouise-Pelvoux,05101,1235,25,0,0,0,0,0,0,828,67,1235,100
La Piarre,05102,88,27,0,0,0,0,0,0,88,100,88,100
Le Poët,05103,754,34,0,0,0,0,0,0,266,35,754,100
Poligny,05104,316,24,0,0,0,0,0,0,0,0,316,100
Prunières,05106,297,26,0,0,0,0,0,0,7,2,297,100
Puy-Saint-André,05107,467,23,0,0,0,0,0,0,59,13,467,100
Puy-Saint-Eusèbe,05108,135,25,0,0,0,0,0,0,135,100,135,100
Puy-Saint-Pierre,05109,525,28,0,0,0,0,0,0,0,0,525,100
Puy-Saint-Vincent,05110,282,22,0,0,0,0,0,0,200,71,282,100
Puy-Sanières,05111,244,25,0,0,0,0,0,0,244,100,244,100
Rabou,05112,79,24,0,0,0,0,0,0,0,0,79,100
Rambaud,05113,373,26,0,0,0,0,0,0,0,0,373,100
Réallon,05114,257,23,0,0,0,0,0,0,257,100,257,100
Remollon,05115,436,33,0,0,0,0,0,0,0,0,436,100
Réotier,05116,198,25,0,0,0,0,0,0,198,100,198,100
Ribeyret,05117,102,27,0,0,0,0,0,0,102,100,102,100
Val Buëch-Méouge,05118,1341,33,0,0,0,0,0,0,1339,100,1341,100
Risoul,05119,656,24,0,0,0,0,0,0,656,100,656,100
Ristolas,05120,68,21,0,0,0,0,0,0,68,100,68,100
Rochebrune,05121,172,31,0,0,0,0,0,0,0,0,172,100
La Roche-de-Rame,05122,846,28,0,0,0,0,0,0,846,100,846,100
La Roche-des-Arnauds,05123,1482,27,0,0,0,0,0,0,106,7,1482,100
La Rochette,05124,475,28,0,0,0,0,0,0,0,0,475,100
Rosans,05126,502,31,0,0,0,0,0,0,502,100,502,100
Rousset,05127,163,29,0,0,0,0,0,0,0,0,163,100
Saint-André-d'Embrun,05128,650,27,0,0,0,0,0,0,650,100,650,100
Saint-André-de-Rosans,05129,142,30,0,0,0,0,0,0,142,100,142,100
Saint-Apollinaire,05130,133,24,0,0,0,0,0,0,122,92,133,100
Saint-Auban-d'Oze,05131,80,26,0,0,0,0,0,0,79,98,80,100
Saint-Bonnet-en-Champsaur,05132,2034,27,0,0,0,0,0,0,50,2,2034,100
Saint-Chaffrey,05133,1645,24,0,0,0,0,0,0,119,7,1645,100
Saint-Clément-sur-Durance,05134,293,30,0,0,0,0,0,0,293,100,293,100
Sainte-Colombe,05135,61,28,0,0,0,0,0,0,61,100,61,100
Saint-Crépin,05136,684,27,0,0,0,0,0,0,684,100,684,100
Dévoluy,05139,1006,23,0,0,0,0,0,0,1006,100,1006,100
Saint-Étienne-le-Laus,05140,301,29,0,0,0,0,0,0,0,0,301,100
Saint-Firmin,05142,479,26,0,0,0,0,0,0,22,5,479,100
Saint-Jacques-en-Valgodemard,05144,146,27,0,0,0,0,0,0,45,31,146,100
Saint-Jean-Saint-Nicolas,05145,990,25,0,0,0,0,0,0,634,64,990,100
Saint-Julien-en-Beauchêne,05146,124,27,0,0,0,0,0,0,124,100,124,100
Saint-Julien-en-Champsaur,05147,347,24,0,0,0,0,0,0,0,0,347,100
Saint-Laurent-du-Cros,05148,509,25,0,0,0,0,0,0,0,0,509,100
Saint-Léger-les-Mélèzes,05149,346,24,0,0,0,0,0,0,11,3,346,100
Saint-Martin-de-Queyrières,05151,1108,25,0,0,0,0,0,0,358,32,1108,100
Saint-Maurice-en-Valgodemard,05152,140,26,0,0,0,0,0,0,140,100,140,100
Saint-Michel-de-Chaillol,05153,316,22,0,0,0,0,0,0,278,88,316,100
Saint-Pierre-d'Argençon,05154,157,29,0,0,0,0,0,0,25,16,157,100
Saint-Pierre-Avez,05155,31,29,0,0,0,0,0,0,31,100,31,100
Saint-Sauveur,05156,432,27,0,0,0,0,0,0,432,100,432,100
Saint-Véran,05157,249,22,0,0,0,0,0,0,249,100,249,100
Le Saix,05158,104,29,0,0,0,0,0,0,104,100,104,100
Saléon,05159,92,32,0,0,0,0,0,0,11,12,92,100
Salérans,05160,97,29,0,0,0,0,0,0,97,100,97,100
La Salle-les-Alpes,05161,988,24,0,0,0,0,0,0,811,82,988,100
La Saulce,05162,1447,34,0,0,0,0,0,0,0,0,1447,100
Le Sauze-du-Lac,05163,143,26,0,0,0,0,0,0,143,100,143,100
Savines-le-Lac,05164,1069,30,0,0,0,0,0,0,956,89,1069,100
Savournon,05165,247,29,0,0,0,0,0,0,101,41,247,100
Serres,05166,1252,33,0,0,0,0,0,0,22,2,1252,100
Sigottier,05167,86,29,0,0,0,0,0,0,46,53,86,100
Sigoyer,05168,658,26,0,0,0,0,0,0,83,13,658,100
Sorbiers,05169,40,27,0,0,0,0,0,0,40,100,40,100
Tallard,05170,2061,33,0,0,0,0,0,0,0,0,2061,100
Théus,05171,204,27,0,0,0,0,0,0,0,0,204,100
Trescléoux,05172,314,31,0,0,0,0,0,0,275,87,314,100
Upaix,05173,448,33,0,0,0,0,0,0,29,6,448,100
Val-des-Prés,05174,651,23,0,0,0,0,0,0,651,100,651,100
Valserres,05176,243,33,0,0,0,0,0,0,0,0,243,100
Vars,05177,620,22,0,0,0,0,0,0,620,100,620,100
Ventavon,05178,486,32,0,0,0,0,0,0,349,72,486,100
Veynes,05179,3151,32,0,0,0,0,0,0,60,2,3151,100
Les Vigneaux,05180,507,26,0,0,0,0,0,0,12,2,507,100
Villar-d'Arêne,05181,330,21,0,0,0,0,0,0,330,100,330,100
Villar-Loubière,05182,43,26,0,0,0,0,0,0,43,100,43,100
Villar-Saint-Pancrace,05183,1442,27,0,0,0,0,0,0,637,44,1442,100
Vitrolles,05184,208,33,0,0,0,0,0,0,72,35,208,100
Aiglun,06001,89,28,0,0,0,0,0,0,89,100,89,100
Amirat,06002,75,22,0,0,0,0,0,0,75,100,75,100
Andon,06003,559,24,0,0,0,0,0,0,559,100,559,100
Antibes,06004,75731,58,1770,2,0,0,17515,23,75731,100,75731,100
Ascros,06005,171,22,0,0,0,0,0,0,171,100,171,100
Aspremont,06006,2146,31,0,0,0,0,0,0,1776,83,2146,100
Auribeau-sur-Siagne,06007,3162,43,14,0,0,0,150,5,3162,100,3162,100
Auvare,06008,40,23,0,0,0,0,0,0,40,100,40,100
Bairols,06009,106,23,0,0,0,0,0,0,106,100,106,100
Le Bar-sur-Loup,06010,2998,37,0,0,0,0,0,0,2998,100,2998,100
Beaulieu-sur-Mer,06011,3745,49,0,0,0,0,0,0,3740,100,3745,100
Beausoleil,06012,13618,54,392,3,0,0,610,4,13579,100,13618,100
Belvédère,06013,646,24,0,0,0,0,0,0,646,100,646,100
Bendejun,06014,961,30,0,0,0,0,0,0,961,100,961,100
Berre-les-Alpes,06015,1273,27,0,0,0,0,0,0,1273,100,1273,100
Beuil,06016,516,22,0,0,0,0,0,0,516,100,516,100
Bézaudun-les-Alpes,06017,245,24,0,0,0,0,0,0,245,100,245,100
Biot,06018,9976,44,4,0,0,0,195,2,9976,100,9976,100
Blausasc,06019,1469,41,0,0,0,0,94,6,1469,100,1469,100
La Bollène-Vésubie,06020,554,26,0,0,0,0,0,0,554,100,554,100
Bonson,06021,732,30,0,0,0,0,0,0,732,100,732,100
Bouyon,06022,489,27,0,0,0,0,0,0,489,100,489,100
Breil-sur-Roya,06023,2375,31,0,0,0,0,0,0,2372,100,2375,100
Briançonnet,06024,231,22,0,0,0,0,0,0,231,100,231,100
Le Broc,06025,1397,32,0,0,0,0,0,0,1397,100,1397,100
Cabris,06026,1300,36,0,0,0,0,0,0,1298,100,1300,100
Cagnes-sur-Mer,06027,47811,52,2398,5,0,0,10052,21,5189,11,47811,100
Caille,06028,443,24,0,0,0,0,0,0,442,100,443,100
Cannes,06029,73744,54,1483,2,0,0,29075,39,26935,37,73744,100
Le Cannet,06030,42454,51,651,2,0,0,10126,24,2759,6,42454,100
Cantaron,06031,1354,36,0,0,0,0,36,3,330,24,1354,100
Cap-d'Ail,06032,4711,53,308,7,0,0,214,5,4634,98,4711,100
Carros,06033,11955,38,0,0,0,0,0,0,2878,24,11955,100
Castagniers,06034,1561,35,0,0,0,0,1,0,1561,100,1561,100
Castellar,06035,978,35,0,0,0,0,0,0,978,100,978,100
Castillon,06036,380,31,0,0,0,0,0,0,380,100,380,100
Caussols,06037,247,24,0,0,0,0,0,0,247,100,247,100
Châteauneuf-Grasse,06038,3188,37,0,0,0,0,0,0,3188,100,3188,100
Châteauneuf-Villevieille,06039,905,30,0,0,0,0,0,0,903,100,905,100
Châteauneuf-d'Entraunes,06040,48,21,0,0,0,0,0,0,48,100,48,100
Cipières,06041,382,27,0,0,0,0,0,0,382,100,382,100
Clans,06042,589,27,0,0,0,0,0,0,589,100,589,100
Coaraze,06043,811,28,0,0,0,0,0,0,811,100,811,100
La Colle-sur-Loup,06044,7932,43,13,0,0,0,151,2,7924,100,7932,100
Collongues,06045,107,26,0,0,0,0,0,0,107,100,107,100
Colomars,06046,3325,36,0,0,0,0,0,0,2305,69,3325,100
Conségudes,06047,101,27,0,0,0,0,0,0,101,100,101,100
Contes,06048,7381,39,0,0,0,0,946,13,7374,100,7381,100
Courmes,06049,124,29,0,0,0,0,0,0,124,100,124,100
Coursegoules,06050,517,24,0,0,0,0,0,0,517,100,517,100
La Croix-sur-Roudoule,06051,97,23,0,0,0,0,0,0,97,100,97,100
Cuébris,06052,135,28,0,0,0,0,0,0,135,100,135,100
Daluis,06053,149,24,0,0,0,0,0,0,149,100,149,100
Drap,06054,4381,41,0,0,0,0,2,0,1947,44,4381,100
Duranus,06055,139,29,0,0,0,0,0,0,139,100,139,100
Entraunes,06056,109,22,0,0,0,0,0,0,109,100,109,100
L'Escarène,06057,2511,33,0,0,0,0,0,0,2511,100,2511,100
Escragnolles,06058,616,25,0,0,0,0,0,0,616,100,616,100
Èze,06059,2435,41,0,0,0,0,0,0,2435,100,2435,100
Falicon,06060,1969,34,0,0,0,0,2,0,0,0,1969,100
Les Ferres,06061,103,26,0,0,0,0,0,0,103,100,103,100
Fontan,06062,355,29,0,0,0,0,0,0,355,100,355,100
Gars,06063,70,25,0,0,0,0,0,0,70,100,70,100
Gattières,06064,4108,37,0,0,0,0,0,0,3929,96,4108,100
La Gaude,06065,6452,39,13,0,0,0,83,1,5770,89,6452,100
Gilette,06066,1506,32,0,0,0,0,0,0,1506,100,1506,100
Gorbio,06067,1306,35,0,0,0,0,0,0,1306,100,1306,100
Gourdon,06068,404,34,0,0,0,0,0,0,404,100,404,100
Grasse,06069,50409,46,453,1,0,0,2979,6,50409,100,50409,100
Gréolières,06070,607,25,0,0,0,0,0,0,607,100,607,100
Guillaumes,06071,656,23,0,0,0,0,0,0,655,100,656,100
Ilonse,06072,187,23,0,0,0,0,0,0,187,100,187,100
Isola,06073,698,23,0,0,0,0,0,0,698,100,698,100
Lantosque,06074,1316,27,0,0,0,0,0,0,1316,100,1316,100
Levens,06075,4779,30,0,0,0,0,0,0,4779,100,4779,100
Lieuche,06076,42,23,0,0,0,0,0,0,42,100,42,100
Lucéram,06077,1237,26,0,0,0,0,0,0,1237,100,1237,100
Malaussène,06078,292,31,0,0,0,0,0,0,292,100,292,100
Mandelieu-la-Napoule,06079,22696,47,29,0,0,0,2346,10,5445,24,22696,100
Marie,06080,109,27,0,0,0,0,0,0,109,100,109,100
Le Mas,06081,162,23,0,0,0,0,0,0,162,100,162,100
Massoins,06082,106,30,0,0,0,0,0,0,106,100,106,100
Menton,06083,28563,47,133,0,0,0,784,3,28563,100,28563,100
Mouans-Sartoux,06084,9544,42,67,1,0,0,249,3,2511,26,9544,100
Mougins,06085,18391,43,94,1,0,0,935,5,3291,18,18391,100
Moulinet,06086,268,24,0,0,0,0,0,0,266,99,268,100
Les Mujouls,06087,45,24,0,0,0,0,0,0,45,100,45,100
Nice,06088,343895,61,72691,21,402,0,213018,62,2714,1,343895,100
Opio,06089,2204,37,0,0,0,0,0,0,2204,100,2204,100
Pégomas,06090,7783,43,6,0,0,0,297,4,6266,81,7783,100
Peille,06091,2344,33,0,0,0,0,268,11,2343,100,2344,100
Peillon,06092,1495,42,0,0,0,0,264,18,1491,100,1495,100
La Penne,06093,298,25,0,0,0,0,0,0,298,100,298,100
Péone,06094,935,22,0,0,0,0,0,0,935,100,935,100
Peymeinade,06095,8060,42,34,0,0,0,203,3,8060,100,8060,100
Pierlas,06096,93,22,0,0,0,0,0,0,93,100,93,100
Pierrefeu,06097,303,29,0,0,0,0,0,0,303,100,303,100
Puget-Rostang,06098,133,25,0,0,0,0,0,0,133,100,133,100
Puget-Théniers,06099,1883,32,0,0,0,0,0,0,1883,100,1883,100
Revest-les-Roches,06100,224,23,0,0,0,0,0,0,222,99,224,100
Rigaud,06101,211,27,0,0,0,0,0,0,211,100,211,100
Rimplas,06102,126,22,0,0,0,0,0,0,126,100,126,100
Roquebillière,06103,1774,27,0,0,0,0,0,0,1770,100,1774,100
Roquebrune-Cap-Martin,06104,12867,48,140,1,0,0,290,2,12636,98,12867,100
Roquefort-les-Pins,06105,6553,39,1,0,0,0,20,0,6553,100,6553,100
Roquestéron,06106,574,32,0,0,0,0,0,0,573,100,574,100
La Roque-en-Provence,06107,78,31,0,0,0,0,0,0,78,100,78,100
La Roquette-sur-Siagne,06108,5378,43,6,0,0,0,178,3,0,0,5378,100
La Roquette-sur-Var,06109,890,33,0,0,0,0,0,0,890,100,890,100
Roubion,06110,120,22,0,0,0,0,0,0,120,100,120,100
Roure,06111,202,22,0,0,0,0,0,0,202,100,202,100
Le Rouret,06112,3996,38,6,0,0,0,0,0,3990,100,3996,100
Sainte-Agnès,06113,1157,36,3,0,0,0,0,0,1157,100,1157,100
Saint-André-de-la-Roche,06114,5467,42,36,1,0,0,106,2,0,0,5467,100
Saint-Antonin,06115,109,23,0,0,0,0,0,0,107,98,109,100
Saint-Auban,06116,234,22,0,0,0,0,0,0,234,100,234,100
Saint-Blaise,06117,1005,32,0,0,0,0,0,0,1002,100,1005,100
Saint-Cézaire-sur-Siagne,06118,3930,35,0,0,0,0,0,0,3930,100,3930,100
Saint-Dalmas-le-Selvage,06119,122,22,0,0,0,0,0,0,122,100,122,100
Saint-Étienne-de-Tinée,06120,1385,21,0,0,0,0,0,0,1384,100,1385,100
Saint-Jean-Cap-Ferrat,06121,1645,48,0,0,0,0,0,0,1633,99,1645,100
Saint-Jeannet,06122,4030,35,0,0,0,0,0,0,3999,99,4030,100
Saint-Laurent-du-Var,06123,29067,53,820,3,2,0,10815,37,2,0,29067,100
Saint-Léger,06124,69,22,0,0,0,0,0,0,69,100,69,100
Saint-Martin-d'Entraunes,06125,116,21,0,0,0,0,0,0,116,100,116,100
Saint-Martin-du-Var,06126,2776,37,0,0,0,0,0,0,2772,100,2776,100
Saint-Martin-Vésubie,06127,1391,23,0,0,0,0,0,0,1391,100,1391,100
Saint-Paul-de-Vence,06128,3477,41,1,0,0,0,9,0,3477,100,3477,100
Saint-Sauveur-sur-Tinée,06129,357,31,0,0,0,0,0,0,357,100,357,100
Saint-Vallier-de-Thiey,06130,3493,32,0,0,0,0,0,0,3493,100,3493,100
Sallagriffon,06131,43,25,0,0,0,0,0,0,43,100,43,100
Saorge,06132,449,27,0,0,0,0,0,0,448,100,449,100
Sauze,06133,82,21,0,0,0,0,0,0,82,100,82,100
Séranon,06134,491,23,0,0,0,0,0,0,491,100,491,100
Sigale,06135,206,28,0,0,0,0,0,0,206,100,206,100
Sospel,06136,3709,32,0,0,0,0,0,0,3709,100,3709,100
Spéracèdes,06137,1293,37,0,0,0,0,0,0,1293,100,1293,100
Théoule-sur-Mer,06138,1527,46,3,0,0,0,51,3,1527,100,1527,100
Thiéry,06139,102,23,0,0,0,0,0,0,102,100,102,100
Le Tignet,06140,3298,39,0,0,0,0,4,0,3295,100,3298,100
Toudon,06141,326,24,0,0,0,0,0,0,326,100,326,100
Touët-de-l'Escarène,06142,297,28,0,0,0,0,0,0,297,100,297,100
Touët-sur-Var,06143,690,35,0,0,0,0,0,0,690,100,690,100
La Tour,06144,576,30,0,0,0,0,0,0,576,100,576,100
Tourette-du-Château,06145,124,22,0,0,0,0,0,0,124,100,124,100
Tournefort,06146,155,30,0,0,0,0,0,0,155,100,155,100
Tourrette-Levens,06147,4836,34,0,0,0,0,0,0,3901,81,4836,100
Tourrettes-sur-Loup,06148,3992,37,0,0,0,0,0,0,3992,100,3992,100
La Trinité,06149,10171,44,289,3,0,0,356,3,889,9,10171,100
La Turbie,06150,3146,41,20,1,0,0,12,0,3141,100,3146,100
Utelle,06151,812,28,0,0,0,0,0,0,812,100,812,100
Valbonne,06152,13190,42,2,0,0,0,68,1,13157,100,13190,100
Valdeblore,06153,870,22,0,0,0,0,0,0,870,100,870,100
Valderoure,06154,418,23,0,0,0,0,0,0,418,100,418,100
Vallauris,06155,26302,51,212,1,0,0,851,3,26299,100,26302,100
Venanson,06156,152,22,0,0,0,0,0,0,151,100,152,100
Vence,06157,18536,41,7,0,0,0,4,0,18532,100,18536,100
Villars-sur-Var,06158,695,30,0,0,0,0,0,0,695,100,695,100
Villefranche-sur-Mer,06159,5219,49,82,2,0,0,72,1,903,17,5219,100
Villeneuve-d'Entraunes,06160,67,21,0,0,0,0,0,0,67,100,67,100
Villeneuve-Loubet,06161,13808,47,35,0,0,0,752,5,6365,46,13808,100
La Brigue,06162,713,24,0,0,0,0,0,0,713,100,713,100
Tende,06163,2164,25,0,0,0,0,0,0,2164,100,2164,100
Aix-en-Provence,13001,142149,53,1018,1,17,0,94198,66,142149,100,142149,100
Allauch,13002,21481,48,0,0,0,0,10951,51,21479,100,21481,100
Alleins,13003,2468,46,0,0,0,0,30,1,2468,100,2468,100
Arles,13004,52697,52,820,2,8,0,40405,77,8092,15,52697,100
Aubagne,13005,45128,52,165,0,1,0,19376,43,45128,100,45128,100
Aureille,13006,1568,43,0,0,0,0,12,1,1567,100,1568,100
Auriol,13007,11377,44,0,0,0,0,431,4,11377,100,11377,100
Aurons,13008,533,42,0,0,0,0,0,0,533,100,533,100
La Barben,13009,798,45,0,0,0,0,4,0,798,100,798,100
Barbentane,13010,4039,47,0,0,0,0,240,6,4039,100,4039,100
Les Baux-de-Provence,13011,420,42,0,0,0,0,0,0,420,100,420,100
Beaurecueil,13012,545,40,0,0,0,0,0,0,545,100,545,100
Belcodène,13013,1909,39,0,0,0,0,0,0,1909,100,1909,100
Berre-l'Étang,13014,13689,51,0,0,0,0,13616,99,13689,100,13689,100
Bouc-Bel-Air,13015,14097,46,0,0,1,0,4017,28,13189,94,14097,100
La Bouilladisse,13016,6056,44,0,0,0,0,576,10,6056,100,6056,100
Boulbon,13017,1497,47,0,0,0,0,1213,81,1497,100,1497,100
Cabannes,13018,4423,51,0,0,0,0,3763,85,4423,100,4423,100
Cabriès,13019,9492,46,1,0,0,0,2486,26,8960,94,9492,100
Cadolive,13020,2135,43,0,0,0,0,0,0,2135,100,2135,100
Carry-le-Rouet,13021,5908,46,0,0,0,0,5674,96,5908,100,5908,100
Cassis,13022,7333,47,0,0,0,0,425,6,7333,100,7333,100
Ceyreste,13023,4385,44,0,0,0,0,0,0,4385,100,4385,100
Charleval,13024,2604,46,0,0,0,0,111,4,2604,100,2604,100
Châteauneuf-le-Rouge,13025,2171,43,0,0,0,0,18,1,2171,100,2171,100
Châteauneuf-les-Martigues,13026,14146,52,0,0,0,0,14084,100,14146,100,14146,100
Châteaurenard,13027,15644,54,17,0,0,0,14822,95,15644,100,15644,100
La Ciotat,13028,35631,49,1,0,0,0,12812,36,35630,100,35631,100
Cornillon-Confoux,13029,1370,47,0,0,0,0,31,2,1370,100,1370,100
Cuges-les-Pins,13030,4977,45,0,0,0,0,324,7,4977,100,4977,100
La Destrousse,13031,3320,48,0,0,0,0,372,11,3317,100,3320,100
Éguilles,13032,7579,45,0,0,0,0,548,7,7577,100,7579,100
Ensuès-la-Redonne,13033,5451,44,0,0,0,0,69,1,5451,100,5451,100
Eygalières,13034,1778,44,0,0,0,0,88,5,1778,100,1778,100
Eyguières,13035,6852,49,0,0,0,0,4288,63,6852,100,6852,100
Eyragues,13036,4271,49,0,0,0,0,3444,81,4271,100,4271,100
La Fare-les-Oliviers,13037,8039,50,1,0,0,0,7804,97,8034,100,8039,100
Fontvieille,13038,3619,48,0,0,0,0,2887,80,3618,100,3619,100
Fos-sur-Mer,13039,15857,49,46,0,0,0,15814,100,194,1,15857,100
Fuveau,13040,9638,43,0,0,0,0,206,2,9638,100,9638,100
Gardanne,13041,19910,53,66,0,11,0,17062,86,19909,100,19910,100
Gémenos,13042,6179,46,0,0,0,0,292,5,6179,100,6179,100
Gignac-la-Nerthe,13043,9129,53,0,0,0,0,9130,100,9129,100,9129,100
Grans,13044,4457,50,0,0,0,0,3515,79,4456,100,4457,100
Graveson,13045,4659,50,0,0,0,0,4370,94,4659,100,4659,100
Gréasque,13046,4033,43,0,0,0,0,21,1,4033,100,4033,100
Istres,13047,43463,51,13,0,0,0,38918,90,43463,100,43463,100
Jouques,13048,4377,40,0,0,0,0,0,0,4377,100,4377,100
Lamanon,13049,2007,50,0,0,0,0,870,43,2007,100,2007,100
Lambesc,13050,9459,48,0,0,0,0,4741,50,9459,100,9459,100
Lançon-Provence,13051,8738,51,2,0,0,0,6900,79,8738,100,8738,100
Maillane,13052,2494,50,0,0,0,0,2255,90,2494,100,2494,100
Mallemort,13053,5972,46,0,0,0,0,1045,17,5969,100,5972,100
Marignane,13054,34154,58,5,0,0,0,34135,100,34135,100,34154,100
Marseille,13055,858120,61,52275,6,824,0,825956,96,240975,28,858120,100
Martigues,13056,48870,52,859,2,3,0,46570,95,23892,49,48870,100
Mas-Blanc-des-Alpilles,13057,515,49,2,0,0,0,515,100,515,100,515,100
Maussane-les-Alpilles,13058,2203,46,0,0,0,0,609,28,2203,100,2203,100
Meyrargues,13059,3738,42,0,0,0,0,5,0,3738,100,3738,100
Meyreuil,13060,5371,48,0,0,0,0,2936,55,5371,100,5371,100
Saint-Pierre-de-Mézoargues,13061,221,48,0,0,0,0,222,100,221,100,221,100
Mimet,13062,4591,40,0,0,0,0,10,0,4591,100,4591,100
Miramas,13063,25583,53,0,0,0,0,25331,99,25583,100,25583,100
Mollégès,13064,2551,46,0,0,0,0,206,8,2549,100,2551,100
Mouriès,13065,3470,47,0,0,0,0,2819,81,3470,100,3470,100
Noves,13066,5610,50,0,0,0,0,4044,72,5609,100,5610,100
Orgon,13067,3109,49,1,0,0,0,1305,42,3109,100,3109,100
Paradou,13068,1853,46,0,0,0,0,356,19,1853,100,1853,100
Pélissanne,13069,9909,51,0,0,0,0,8394,85,9909,100,9909,100
La Penne-sur-Huveaune,13070,6338,52,19,0,0,0,5064,80,6338,100,6338,100
Les Pennes-Mirabeau,13071,20492,48,64,0,0,0,12773,62,9473,46,20492,100
Peynier,13072,3233,43,0,0,0,0,16,0,3229,100,3233,100
Peypin,13073,5465,43,0,0,0,0,16,0,5465,100,5465,100
Peyrolles-en-Provence,13074,4912,44,0,0,0,0,153,3,4912,100,4912,100
Plan-de-Cuques,13075,10518,50,10,0,0,0,8992,85,10518,100,10518,100
Plan-d'Orgon,13076,3326,47,1,0,0,0,253,8,3326,100,3326,100
Port-de-Bouc,13077,17366,54,455,3,4,0,17213,99,5,0,17366,100
Port-Saint-Louis-du-Rhône,13078,8661,50,0,0,0,0,8444,97,7485,86,8661,100
Puyloubier,13079,1817,39,0,0,0,0,0,0,1817,100,1817,100
Le Puy-Sainte-Réparade,13080,5476,43,0,0,0,0,0,0,5476,100,5476,100
Rognac,13081,11830,53,6,0,0,0,11571,98,11830,100,11830,100
Rognes,13082,4777,40,0,0,0,0,0,0,4777,100,4777,100
Rognonas,13083,4018,53,1,0,0,0,3995,99,4018,100,4018,100
La Roque-d'Anthéron,13084,5461,44,0,0,0,0,0,0,5461,100,5461,100
Roquefort-la-Bédoule,13085,5423,43,0,0,0,0,7,0,5422,100,5423,100
Roquevaire,13086,8857,46,0,0,0,0,362,4,8857,100,8857,100
Rousset,13087,4730,43,0,0,0,0,56,1,4729,100,4730,100
Le Rove,13088,4607,48,0,0,0,0,2217,48,4605,100,4607,100
Saint-Andiol,13089,3303,49,0,0,0,0,2154,65,3302,100,3303,100
Saint-Antonin-sur-Bayon,13090,127,37,0,0,0,0,0,0,127,100,127,100
Saint-Cannat,13091,5644,45,0,0,0,0,307,5,5644,100,5644,100
Saint-Chamas,13092,8186,50,0,0,0,0,7725,94,8185,100,8186,100
Saint-Estève-Janson,13093,379,43,0,0,0,0,0,0,379,100,379,100
Saint-Étienne-du-Grès,13094,2406,49,0,0,0,0,2306,96,2406,100,2406,100
Saint-Marc-Jaumegarde,13095,1193,38,0,0,0,0,0,0,1192,100,1193,100
Saintes-Maries-de-la-Mer,13096,2683,44,0,0,0,0,1749,65,600,22,2683,100
Saint-Martin-de-Crau,13097,13385,51,13,0,0,0,11452,86,1444,11,13385,100
Saint-Mitre-les-Remparts,13098,5841,48,1,0,0,0,5596,96,5791,99,5841,100
Saint-Paul-lès-Durance,13099,889,40,0,0,0,0,0,0,889,100,889,100
Saint-Rémy-de-Provence,13100,9765,49,0,0,0,0,7817,80,9765,100,9765,100
Saint-Savournin,13101,3266,42,0,0,0,0,0,0,3266,100,3266,100
Saint-Victoret,13102,6534,56,13,0,0,0,6543,100,6534,100,6534,100
Salon-de-Provence,13103,44187,53,96,0,0,0,36018,82,44187,100,44187,100
Sausset-les-Pins,13104,7639,46,0,0,0,0,7580,99,7639,100,7639,100
Sénas,13105,7006,51,5,0,0,0,5387,77,6998,100,7006,100
Septèmes-les-Vallons,13106,10794,48,50,0,0,0,7110,66,27,0,10794,100
Simiane-Collongue,13107,5534,46,0,0,0,0,771,14,5534,100,5534,100
Tarascon,13108,14583,58,14,0,0,0,14398,99,14583,100,14583,100
Le Tholonet,13109,2369,45,1,0,0,0,349,15,2369,100,2369,100
Trets,13110,10896,46,0,0,0,0,3566,33,10896,100,10896,100
Vauvenargues,13111,1032,37,0,0,0,0,0,0,1032,100,1032,100
Velaux,13112,8949,48,0,0,0,0,6571,73,8949,100,8949,100
Venelles,13113,8349,44,0,0,0,0,7,0,8349,100,8349,100
Ventabren,13114,5067,46,0,0,0,0,240,5,5067,100,5067,100
Vernègues,13115,1648,43,0,0,0,0,7,0,1648,100,1648,100
Verquières,13116,805,47,0,0,0,0,238,30,805,100,805,100
Vitrolles,13117,34236,56,17,0,0,0,34197,100,34235,100,34236,100
Coudoux,13118,3564,49,0,0,0,0,3370,95,3564,100,3564,100
Carnoux-en-Provence,13119,6684,45,0,0,0,0,98,1,6678,100,6684,100
Marseille 1er Arrondissement,13201,39855,71,10136,25,20,0,39855,100,0,0,39855,100
Marseille 2e Arrondissement,13202,23930,66,1860,8,0,0,23930,100,0,0,23930,100
Marseille 3e Arrondissement,13203,47111,67,4418,9,42,0,47111,100,0,0,47111,100
Marseille 4e Arrondissement,13204,48245,67,4934,10,0,0,48245,100,0,0,48245,100
Marseille 5e Arrondissement,13205,46435,69,6120,13,304,1,46435,100,0,0,46435,100
Marseille 6e Arrondissement,13206,42621,72,13343,31,50,0,42628,100,0,0,42621,100
Marseille 7e Arrondissement,13207,35150,62,1384,4,0,0,34727,99,3066,9,35150,100
Marseille 8e Arrondissement,13208,79910,62,3171,4,151,0,77809,97,59733,75,79910,100
Marseille 9e Arrondissement,13209,73578,55,238,0,0,0,69411,94,71480,97,73578,100
Marseille 10e Arrondissement,13210,55120,61,2706,5,175,0,55069,100,15845,29,55120,100
Marseille 11e Arrondissement,13211,56841,56,397,1,5,0,51948,91,36888,65,56841,100
Marseille 12e Arrondissement,13212,60809,55,136,0,7,0,60607,100,19222,32,60809,100
Marseille 13e Arrondissement,13213,91214,54,627,1,0,0,83986,92,32134,35,91214,100
Marseille 14e Arrondissement,13214,61443,59,1680,3,70,0,57992,94,1578,3,61443,100
Marseille 15e Arrondissement,13215,79287,56,1069,1,0,0,69830,88,0,0,79287,100
Marseille 16e Arrondissement,13216,16571,56,55,0,0,0,16374,99,1030,6,16571,100
Les Adrets-de-l'Estérel,83001,2757,37,0,0,0,0,0,0,2756,100,2757,100
Aiguines,83002,265,29,0,0,0,0,0,0,265,100,265,100
Ampus,83003,938,33,0,0,0,0,0,0,935,100,938,100
Les Arcs,83004,7171,42,0,0,0,0,44,1,7171,100,7171,100
Artignosc-sur-Verdon,83005,328,34,0,0,0,0,0,0,328,100,328,100
Artigues,83006,240,35,0,0,0,0,0,0,240,100,240,100
Aups,83007,2124,35,0,0,0,0,0,0,2124,100,2124,100
Bagnols-en-Forêt,83008,2695,37,0,0,0,0,0,0,2695,100,2695,100
Bandol,83009,7878,48,6,0,0,0,401,5,7878,100,7878,100
Bargème,83010,185,24,0,0,0,0,0,0,185,100,185,100
Bargemon,83011,1484,35,0,0,0,0,0,0,1484,100,1484,100
Barjols,83012,3089,40,0,0,0,0,0,0,3088,100,3089,100
La Bastide,83013,195,24,0,0,0,0,0,0,195,100,195,100
Baudinard-sur-Verdon,83014,215,32,0,0,0,0,0,0,215,100,215,100
Bauduen,83015,318,33,0,0,0,0,0,0,318,100,318,100
Le Beausset,83016,9417,44,0,0,0,0,261,3,9411,100,9417,100
Belgentier,83017,2437,45,3,0,0,0,190,8,2437,100,2437,100
Besse-sur-Issole,83018,3048,38,0,0,0,0,0,0,3046,100,3048,100
Bormes-les-Mimosas,83019,7839,44,0,0,0,0,29,0,7839,100,7839,100
Le Bourguet,83020,29,25,0,0,0,0,0,0,29,100,29,100
Bras,83021,2591,38,0,0,0,0,0,0,2591,100,2591,100
Brenon,83022,29,24,0,0,0,0,0,0,29,100,29,100
Brignoles,83023,16690,47,16,0,0,0,768,5,16686,100,16690,100
Brue-Auriac,83025,1289,39,0,0,0,0,0,0,1289,100,1289,100
Cabasse,83026,1919,39,0,0,0,0,0,0,1919,100,1919,100
La Cadière-d'Azur,83027,5514,43,0,0,0,0,22,0,5514,100,5514,100
Callas,83028,1820,37,0,0,0,0,1,0,1820,100,1820,100
Callian,83029,3310,38,0,0,0,0,0,0,3310,100,3310,100
Camps-la-Source,83030,1829,38,0,0,0,0,0,0,1829,100,1829,100
Le Cannet-des-Maures,83031,4373,43,0,0,0,0,8,0,4373,100,4373,100
Carcès,83032,3425,42,0,0,0,0,9,0,3425,100,3425,100
Carnoules,83033,3493,40,0,0,0,0,0,0,3493,100,3493,100
Carqueiranne,83034,9986,45,0,0,0,0,6,0,9986,100,9986,100
Le Castellet,83035,4019,41,0,0,0,0,13,0,4019,100,4019,100
Cavalaire-sur-Mer,83036,7166,45,0,0,0,0,83,1,7166,100,7166,100
La Celle,83037,1408,40,0,0,0,0,0,0,1408,100,1408,100
Châteaudouble,83038,462,33,0,0,0,0,0,0,462,100,462,100
Châteauvert,83039,142,38,0,0,0,0,0,0,142,100,142,100
Châteauvieux,83040,84,23,0,0,0,0,0,0,84,100,84,100
Claviers,83041,690,35,0,0,0,0,0,0,690,100,690,100
Cogolin,83042,12517,47,0,0,0,0,140,1,12479,100,12517,100
Collobrières,83043,1921,39,0,0,0,0,0,0,1921,100,1921,100
Comps-sur-Artuby,83044,376,26,0,0,0,0,0,0,376,100,376,100
Correns,83045,880,40,0,0,0,0,0,0,880,100,880,100
Cotignac,83046,2292,39,0,0,0,0,0,0,2292,100,2292,100
La Crau,83047,16749,46,4,0,0,0,354,2,16749,100,16749,100
La Croix-Valmer,83048,3711,42,0,0,0,0,0,0,3710,100,3711,100
Cuers,83049,10562,46,217,2,18,0,637,6,10562,100,10562,100
Draguignan,83050,40054,46,27,0,0,0,1220,3,40054,100,40054,100
Entrecasteaux,83051,1092,39,0,0,0,0,0,0,1091,100,1092,100
Esparron,83052,344,35,0,0,0,0,0,0,344,100,344,100
Évenos,83053,2166,40,0,0,0,0,4,0,2166,100,2166,100
La Farlède,83054,8755,48,74,1,0,0,498,6,8750,100,8755,100
Fayence,83055,5602,38,0,0,0,0,0,0,5589,100,5602,100
Figanières,83056,2608,38,0,0,0,0,0,0,2608,100,2608,100
Flassans-sur-Issole,83057,3424,38,0,0,0,0,0,0,3424,100,3424,100
Flayosc,83058,4365,38,0,0,0,0,0,0,4365,100,4365,100
Forcalqueiret,83059,2755,38,0,0,0,0,2,0,2755,100,2755,100
Fox-Amphoux,83060,486,34,0,0,0,0,0,0,486,100,486,100
Fréjus,83061,53511,49,2,0,0,0,5087,10,53511,100,53511,100
La Garde,83062,25145,50,32,0,0,0,4219,17,25145,100,25145,100
La Garde-Freinet,83063,1855,38,0,0,0,0,0,0,1854,100,1855,100
Garéoult,83064,5403,38,0,0,0,0,0,0,5403,100,5403,100
Gassin,83065,2658,43,0,0,0,0,9,0,2658,100,2658,100
Ginasservis,83066,1636,38,0,0,0,0,0,0,1636,100,1636,100
Gonfaron,83067,4302,41,0,0,0,0,37,1,4302,100,4302,100
Grimaud,83068,4065,43,0,0,0,0,4,0,4065,100,4065,100
Hyères,83069,56502,47,64,0,0,0,535,1,56472,100,56502,100
Le Lavandou,83070,5246,46,0,0,0,0,79,2,5234,100,5246,100
La Londe-les-Maures,83071,8234,44,22,0,0,0,133,2,8227,100,8234,100
Lorgues,83072,9116,41,0,0,0,0,7,0,9115,100,9116,100
Le Luc,83073,10502,43,0,0,0,0,17,0,10500,100,10502,100
La Martre,83074,205,23,0,0,0,0,0,0,205,100,205,100
Les Mayons,83075,639,39,0,0,0,0,0,0,639,100,639,100
Mazaugues,83076,868,35,0,0,0,0,0,0,868,100,868,100
Méounes-lès-Montrieux,83077,2125,41,57,3,0,0,129,6,2125,100,2125,100
Moissac-Bellevue,83078,299,33,0,0,0,0,0,0,299,100,299,100
La Môle,83079,1375,41,0,0,0,0,0,0,1375,100,1375,100
Mons,83080,871,29,0,0,0,0,0,0,871,100,871,100
Montauroux,83081,6218,37,0,0,0,0,0,0,6210,100,6218,100
Montferrat,83082,1490,33,0,0,0,0,0,0,1489,100,1490,100
Montfort-sur-Argens,83083,1297,40,0,0,0,0,0,0,1297,100,1297,100
Montmeyan,83084,580,36,0,0,0,0,0,0,580,100,580,100
La Motte,83085,2988,41,0,0,0,0,0,0,2988,100,2988,100
Le Muy,83086,9389,46,80,1,0,0,657,7,9385,100,9389,100
Nans-les-Pins,83087,4227,39,0,0,0,0,0,0,4225,100,4227,100
Néoules,83088,2612,36,0,0,0,0,0,0,2611,100,2612,100
Ollières,83089,617,38,0,0,0,0,0,0,617,100,617,100
Ollioules,83090,13167,48,3,0,0,0,1731,13,13126,100,13167,100
Pierrefeu-du-Var,83091,6089,43,16,0,0,0,46,1,6082,100,6089,100
Pignans,83092,3795,41,0,0,0,0,0,0,3791,100,3795,100
Plan-d'Aups-Sainte-Baume,83093,2022,33,0,0,0,0,0,0,2022,100,2022,100
Le Plan-de-la-Tour,83094,2666,41,0,0,0,0,0,0,2666,100,2666,100
Pontevès,83095,800,36,0,0,0,0,0,0,800,100,800,100
Pourcieux,83096,1441,39,0,0,0,0,0,0,1441,100,1441,100
Pourrières,83097,4877,40,0,0,0,0,0,0,4877,100,4877,100
Le Pradet,83098,10564,46,6,0,0,0,245,2,10547,100,10564,100
Puget-sur-Argens,83099,7322,48,7,0,0,0,561,8,7303,100,7322,100
Puget-Ville,83100,4118,41,0,0,0,0,9,0,4118,100,4118,100
Ramatuelle,83101,2111,42,0,0,0,0,0,0,2109,100,2111,100
Régusse,83102,2409,34,0,0,0,0,0,0,2409,100,2409,100
Le Revest-les-Eaux,83103,3735,44,0,0,0,0,29,1,3728,100,3735,100
Rians,83104,4284,39,0,0,0,0,0,0,4284,100,4284,100
Riboux,83105,39,34,0,0,0,0,0,0,39,100,39,100
Rocbaron,83106,4718,37,0,0,0,0,0,0,4718,100,4718,100
Roquebrune-sur-Argens,83107,12344,43,0,0,0,0,45,0,12344,100,12344,100
La Roquebrussanne,83108,2540,41,0,0,0,0,2,0,2540,100,2540,100
La Roque-Esclapon,83109,286,24,0,0,0,0,0,0,286,100,286,100
Rougiers,83110,1597,38,0,0,0,0,0,0,1597,100,1597,100
Sainte-Anastasie-sur-Issole,83111,1882,38,0,0,0,0,0,0,1880,100,1882,100
Saint-Cyr-sur-Mer,83112,12262,47,4,0,0,0,2110,17,12247,100,12262,100
Saint-Julien,83113,2345,35,0,0,0,0,0,0,2345,100,2345,100
Saint-Martin-de-Pallières,83114,249,35,0,0,0,0,0,0,249,100,249,100
Sainte-Maxime,83115,14018,48,10,0,0,0,627,4,14000,100,14018,100
Saint-Maximin-la-Sainte-Baume,83116,15753,42,0,0,0,0,272,2,15750,100,15753,100
Saint-Paul-en-Forêt,83117,1709,37,0,0,0,0,0,0,1709,100,1709,100
Saint-Raphaël,83118,34567,51,3,0,0,0,7856,23,34494,100,34567,100
Saint-Tropez,83119,4353,46,0,0,0,0,34,1,4353,100,4353,100
Saint-Zacharie,83120,5245,44,0,0,0,0,155,3,5245,100,5245,100
Salernes,83121,3851,40,0,0,0,0,0,0,3851,100,3851,100
Les Salles-sur-Verdon,83122,261,34,0,0,0,0,0,0,261,100,261,100
Sanary-sur-Mer,83123,15963,49,8,0,0,0,2496,16,15963,100,15963,100
Seillans,83124,2540,35,0,0,0,0,0,0,2540,100,2540,100
Seillons-Source-d'Argens,83125,2525,38,0,0,0,0,0,0,2525,100,2525,100
La Seyne-sur-Mer,83126,64675,51,248,0,0,0,26328,41,64626,100,64675,100
Signes,83127,2755,39,12,0,0,0,56,2,2755,100,2755,100
Sillans-la-Cascade,83128,730,35,0,0,0,0,0,0,730,100,730,100
Six-Fours-les-Plages,83129,33652,49,59,0,0,0,2380,7,33652,100,33652,100
Solliès-Pont,83130,11133,47,38,0,0,0,586,5,11133,100,11133,100
Solliès-Toucas,83131,5599,44,0,0,0,0,154,3,5598,100,5599,100
Solliès-Ville,83132,2391,43,4,0,0,0,51,2,2365,99,2391,100
Tanneron,83133,1524,35,0,0,0,0,0,0,1524,100,1524,100
Taradeau,83134,1816,41,0,0,0,0,0,0,1816,100,1816,100
Tavernes,83135,1360,37,0,0,0,0,0,0,1358,100,1360,100
Le Thoronet,83136,2419,40,0,0,0,0,0,0,2419,100,2419,100
Toulon,83137,165584,55,4448,3,0,0,96944,59,165584,100,165584,100
Tourrettes,83138,2897,38,0,0,0,0,0,0,2897,100,2897,100
Tourtour,83139,589,31,0,0,0,0,0,0,589,100,589,100
Tourves,83140,4964,40,0,0,0,0,0,0,4964,100,4964,100
Trans-en-Provence,83141,5609,43,0,0,0,0,25,0,5609,100,5609,100
Trigance,83142,175,27,0,0,0,0,0,0,175,100,175,100
Le Val,83143,4242,38,0,0,0,0,0,0,4242,100,4242,100
La Valette-du-Var,83144,22271,51,140,1,0,0,6539,29,22260,100,22271,100
Varages,83145,1171,38,0,0,0,0,0,0,1171,100,1171,100
La Verdière,83146,1645,36,0,0,0,0,0,0,1645,100,1645,100
Vérignon,83147,10,27,0,0,0,0,0,0,10,100,10,100
Vidauban,83148,11152,44,0,0,0,0,211,2,11142,100,11152,100
Villecroze,83149,1399,37,0,0,0,0,0,0,1399,100,1399,100
Vinon-sur-Verdon,83150,4218,42,0,0,0,0,26,1,4218,100,4218,100
Vins-sur-Caramy,83151,989,38,0,0,0,0,0,0,989,100,989,100
Rayol-Canadel-sur-Mer,83152,719,42,0,0,0,0,0,0,719,100,719,100
Saint-Mandrier-sur-Mer,83153,5809,48,10,0,0,0,307,5,5802,100,5809,100
Saint-Antonin-du-Var,83154,743,38,0,0,0,0,0,0,741,100,743,100
Althen-des-Paluds,84001,2671,50,4,0,0,0,2124,80,2671,100,2671,100
Ansouis,84002,1086,40,0,0,0,0,0,0,1084,100,1086,100
Apt,84003,11885,44,1,0,0,0,300,3,11885,100,11885,100
Aubignan,84004,5404,49,0,0,0,0,4328,80,5391,100,5404,100
Aurel,84005,201,28,0,0,0,0,0,0,200,100,201,100
Auribeau,84006,73,33,0,0,0,0,0,0,72,98,73,100
Avignon,84007,92209,57,595,1,5,0,91594,99,92193,100,92209,100
Le Barroux,84008,668,39,0,0,0,0,0,0,668,100,668,100
La Bastide-des-Jourdans,84009,1392,37,0,0,0,0,0,0,1392,100,1392,100
La Bastidonne,84010,705,39,0,0,0,0,0,0,705,100,705,100
Le Beaucet,84011,336,41,0,0,0,0,0,0,336,100,336,100
Beaumes-de-Venise,84012,2387,45,0,0,0,0,111,5,2387,100,2387,100
Beaumettes,84013,247,43,0,0,0,0,2,1,247,100,247,100
Beaumont-de-Pertuis,84014,1146,38,0,0,0,0,0,0,1146,100,1146,100
Beaumont-du-Ventoux,84015,292,31,0,0,0,0,0,0,292,100,292,100
Bédarrides,84016,5010,51,19,0,0,0,4035,81,5008,100,5010,100
Bédoin,84017,3072,39,0,0,0,0,0,0,3063,100,3072,100
Blauvac,84018,515,39,0,0,0,0,0,0,511,99,515,100
Bollène,84019,13574,47,2,0,0,0,2768,20,13559,100,13574,100
Bonnieux,84020,1358,40,0,0,0,0,0,0,1357,100,1358,100
Brantes,84021,78,32,0,0,0,0,0,0,78,100,78,100
Buisson,84022,282,39,0,0,0,0,0,0,282,100,282,100
Buoux,84023,88,35,0,0,0,0,0,0,88,100,88,100
Cabrières-d'Aigues,84024,921,38,0,0,0,0,0,0,921,100,921,100
Cabrières-d'Avignon,84025,1733,44,0,0,0,0,236,14,1731,100,1733,100
Cadenet,84026,4136,45,0,0,0,0,490,12,4136,100,4136,100
Caderousse,84027,2771,47,0,0,0,0,4,0,2762,100,2771,100
Cairanne,84028,1046,42,0,0,0,0,0,0,1045,100,1046,100
Camaret-sur-Aigues,84029,4659,47,3,0,0,0,1357,29,4644,100,4659,100
Caromb,84030,3199,44,0,0,0,0,0,0,3196,100,3199,100
Carpentras,84031,28447,53,21,0,0,0,22791,80,28444,100,28447,100
Caseneuve,84032,522,35,0,0,0,0,0,0,522,100,522,100
Castellet,84033,125,36,0,0,0,0,0,0,125,100,125,100
Caumont-sur-Durance,84034,4718,46,5,0,0,0,3556,75,4714,100,4718,100
Cavaillon,84035,26201,51,22,0,0,0,22506,86,26201,100,26201,100
Châteauneuf-de-Gadagne,84036,3303,50,15,0,0,0,2263,69,3303,100,3303,100
Châteauneuf-du-Pape,84037,2199,46,0,0,0,0,27,1,2199,100,2199,100
Cheval-Blanc,84038,4092,46,0,0,0,0,640,16,4087,100,4092,100
Courthézon,84039,5487,52,29,1,0,0,4040,74,5482,100,5487,100
Crestet,84040,406,38,0,0,0,0,0,0,404,99,406,100
Crillon-le-Brave,84041,473,40,0,0,0,0,0,0,473,100,473,100
Cucuron,84042,1786,40,0,0,0,0,0,0,1785,100,1786,100
Entraigues-sur-la-Sorgue,84043,8230,50,15,0,0,0,7665,93,8229,100,8230,100
Entrechaux,84044,1162,39,0,0,0,0,0,0,1162,100,1162,100
Faucon,84045,429,36,0,0,0,0,0,0,429,100,429,100
Flassan,84046,434,37,0,0,0,0,0,0,431,99,434,100
Gargas,84047,2920,41,0,0,0,0,0,0,2916,100,2920,100
Gignac,84048,61,35,0,0,0,0,0,0,61,100,61,100
Gigondas,84049,534,42,0,0,0,0,0,0,534,100,534,100
Gordes,84050,1961,41,0,0,0,0,1,0,1961,100,1961,100
Goult,84051,1139,41,0,0,0,0,0,0,1139,100,1139,100
Grambois,84052,1244,37,0,0,0,0,0,0,1239,100,1244,100
Grillon,84053,1764,43,0,0,0,0,1,0,1761,100,1764,100
L'Isle-sur-la-Sorgue,84054,19240,50,3,0,0,0,12852,67,19240,100,19240,100
Jonquerettes,84055,1440,48,0,0,0,0,1434,100,1440,100,1440,100
Jonquières,84056,4962,46,0,0,0,0,37,1,4962,100,4962,100
Joucas,84057,329,40,0,0,0,0,0,0,329,100,329,100
Lacoste,84058,409,39,0,0,0,0,0,0,409,100,409,100
Lafare,84059,131,41,0,0,0,0,0,0,131,100,131,100
Lagarde-d'Apt,84060,38,25,0,0,0,0,0,0,38,100,38,100
Lagarde-Paréol,84061,312,40,0,0,0,0,0,0,312,100,312,100
Lagnes,84062,1613,45,0,0,0,0,15,1,1613,100,1613,100
Lamotte-du-Rhône,84063,406,44,0,0,0,0,4,1,406,100,406,100
Lapalud,84064,3863,44,0,0,0,0,158,4,3853,100,3863,100
Lauris,84065,3787,43,0,0,0,0,0,0,3785,100,3787,100
Lioux,84066,250,38,0,0,0,0,0,0,250,100,250,100
Loriol-du-Comtat,84067,2549,48,0,0,0,0,676,27,2549,100,2549,100
Lourmarin,84068,1145,41,0,0,0,0,0,0,1144,100,1145,100
Malaucène,84069,2804,42,0,0,0,0,0,0,2804,100,2804,100
Malemort-du-Comtat,84070,1682,44,0,0,0,0,0,0,1679,100,1682,100
Maubec,84071,1883,46,0,0,0,0,272,14,1883,100,1883,100
Mazan,84072,5841,46,0,0,0,0,79,1,5841,100,5841,100
Ménerbes,84073,999,41,0,0,0,0,1,0,997,100,999,100
Mérindol,84074,2011,45,0,0,0,0,10,0,2005,100,2011,100
Méthamis,84075,416,39,0,0,0,0,0,0,416,100,416,100
Mirabeau,84076,1223,39,0,0,0,0,0,0,1223,100,1223,100
Modène,84077,454,42,0,0,0,0,0,0,454,100,454,100
Mondragon,84078,3856,49,0,0,0,0,1526,40,3850,100,3856,100
Monieux,84079,364,30,0,0,0,0,0,0,364,100,364,100
Monteux,84080,12537,52,0,0,0,0,10977,88,12537,100,12537,100
Morières-lès-Avignon,84081,8100,53,12,0,0,0,8082,100,8100,100,8100,100
Mormoiron,84082,1897,42,0,0,0,0,0,0,1897,100,1897,100
Mornas,84083,2403,44,1,0,0,0,55,2,2403,100,2403,100
La Motte-d'Aigues,84084,1349,38,0,0,0,0,0,0,1349,100,1349,100
Murs,84085,419,36,0,0,0,0,0,0,419,100,419,100
Oppède,84086,1337,43,0,0,0,0,47,3,1329,99,1337,100
Orange,84087,29482,50,174,1,2,0,24461,83,29482,100,29482,100
Pernes-les-Fontaines,84088,9823,49,0,0,0,0,6228,63,9823,100,9823,100
Pertuis,84089,19523,52,178,1,0,0,8504,44,19523,100,19523,100
Peypin-d'Aigues,84090,640,37,0,0,0,0,0,0,640,100,640,100
Piolenc,84091,5093,46,2,0,0,0,327,6,5091,100,5093,100
Le Pontet,84092,17476,56,147,1,0,0,17476,100,17476,100,17476,100
Puget,84093,724,41,0,0,0,0,0,0,724,100,724,100
Puyméras,84094,606,36,0,0,0,0,0,0,605,100,606,100
Puyvert,84095,808,41,0,0,0,0,0,0,808,100,808,100
Rasteau,84096,826,40,0,0,0,0,0,0,826,100,826,100
Richerenches,84097,650,41,0,0,0,0,0,0,650,100,650,100
Roaix,84098,662,41,0,0,0,0,0,0,662,100,662,100
Robion,84099,4273,47,0,0,0,0,268,6,4267,100,4273,100
La Roque-Alric,84100,51,39,0,0,0,0,0,0,51,100,51,100
La Roque-sur-Pernes,84101,425,40,0,0,0,0,0,0,421,99,425,100
Roussillon,84102,1339,40,0,0,0,0,0,0,1339,100,1339,100
Rustrel,84103,714,37,0,0,0,0,0,0,711,100,714,100
Sablet,84104,1240,44,0,0,0,0,0,0,1238,100,1240,100
Saignon,84105,1015,37,0,0,0,0,0,0,1015,100,1015,100
Sainte-Cécile-les-Vignes,84106,2420,46,0,0,0,0,82,3,2416,100,2420,100
Saint-Christol,84107,1118,29,0,0,0,0,0,0,1118,100,1118,100
Saint-Didier,84108,2125,47,0,0,0,0,11,1,2125,100,2125,100
Saint-Hippolyte-le-Graveyron,84109,180,41,0,0,0,0,0,0,180,100,180,100
Saint-Léger-du-Ventoux,84110,39,34,0,0,0,0,0,0,39,100,39,100
Saint-Marcellin-lès-Vaison,84111,325,38,0,0,0,0,0,0,322,99,325,100
Saint-Martin-de-Castillon,84112,760,37,0,0,0,0,0,0,760,100,760,100
Saint-Martin-de-la-Brasque,84113,852,38,0,0,0,0,0,0,852,100,852,100
Saint-Pantaléon,84114,213,42,0,0,0,0,0,0,210,99,213,100
Saint-Pierre-de-Vassols,84115,516,42,0,0,0,0,0,0,515,100,516,100
Saint-Romain-en-Viennois,84116,853,38,0,0,0,0,0,0,853,100,853,100
Saint-Roman-de-Malegarde,84117,332,41,0,0,0,0,0,0,332,100,332,100
Saint-Saturnin-lès-Apt,84118,2730,39,0,0,0,0,0,0,2730,100,2730,100
Saint-Saturnin-lès-Avignon,84119,4830,50,5,0,0,0,4696,97,4801,99,4830,100
Saint-Trinit,84120,125,28,0,0,0,0,0,0,125,100,125,100
Sannes,84121,200,38,0,0,0,0,0,0,200,100,200,100
Sarrians,84122,5894,48,0,0,0,0,3752,64,5894,100,5894,100
Sault,84123,1354,30,0,0,0,0,0,0,1354,100,1354,100
Saumane-de-Vaucluse,84124,931,43,0,0,0,0,0,0,924,99,931,100
Savoillan,84125,84,32,0,0,0,0,0,0,84,100,84,100
Séguret,84126,843,41,0,0,0,0,0,0,843,100,843,100
Sérignan-du-Comtat,84127,2474,42,0,0,0,0,5,0,2474,100,2474,100
Sivergues,84128,42,34,0,0,0,0,0,0,42,100,42,100
Sorgues,84129,18328,53,24,0,0,0,17488,95,18328,100,18328,100
Suzette,84130,124,36,0,0,0,0,0,0,124,100,124,100
Taillades,84131,1960,47,0,0,0,0,235,12,1944,99,1960,100
Le Thor,84132,8706,49,0,0,2,0,6713,77,8701,100,8706,100
La Tour-d'Aigues,84133,4190,44,0,0,0,0,210,5,4189,100,4190,100
Travaillan,84134,718,43,0,0,0,0,0,0,718,100,718,100
Uchaux,84135,1531,40,0,0,0,0,0,0,1527,100,1531,100
Vacqueyras,84136,1202,44,0,0,0,0,0,0,1202,100,1202,100
Vaison-la-Romaine,84137,6055,42,0,0,0,0,0,0,6055,100,6055,100
Valréas,84138,9520,44,0,0,0,0,67,1,9520,100,9520,100
Fontaine-de-Vaucluse,84139,644,45,0,0,0,0,0,0,644,100,644,100
Vaugines,84140,542,38,0,0,0,0,0,0,542,100,542,100
Vedène,84141,11045,52,1,0,0,0,10971,99,11045,100,11045,100
Velleron,84142,2930,45,0,0,0,0,184,6,2915,99,2930,100
Venasque,84143,1099,42,0,0,0,0,0,0,1090,99,1099,100
Viens,84144,621,34,0,0,0,0,0,0,621,100,621,100
Villars,84145,776,38,0,0,0,0,0,0,776,100,776,100
Villedieu,84146,521,39,0,0,0,0,0,0,521,100,521,100
Villelaure,84147,3323,44,0,0,0,0,76,2,3322,100,3323,100
Villes-sur-Auzon,84148,1330,41,0,0,0,0,0,0,1328,100,1330,100
Violès,84149,1616,42,0,0,0,0,0,0,1616,100,1616,100
Visan,84150,1935,44,0,0,0,0,0,0,1935,100,1935,100
Vitrolles-en-Lubéron,84151,218,36,0,0,0,0,0,0,218,100,218,100
