INSEE_COM,nom,POP12,ISA,NO2_VL_LD_nb,PM10_VL_nb,PM10_LD_nb,O3_VC_nb,O3_LD_nb,NO2_VL_LD_po,PM10_VL_po,PM10_LD_po,O3_VC_po,O3_LD_po
04001,Aiglun,1352,"37,0082942641397",0,0,0,1314,1352,0,0,0,97,100
04004,Allemagne-en-Provence,521,"39,9795343373109",0,0,77,521,521,0,0,15,100,100
04005,Allons,142,"24,0459971783015",0,0,0,138,142,0,0,0,97,100
04006,Allos,648,"25,2220314977154",0,0,0,648,648,0,0,0,100,100
04007,Angles,65,"26,061136648035",0,0,0,65,65,0,0,0,100,100
04008,Annot,1082,"30,5511968292809",0,0,0,260,1082,0,0,0,24,100
04009,Archail,23,30,0,0,0,20,23,0,0,0,87,100
04012,Aubenas-les-Alpes,105,"35,7371050122809",0,0,0,104,105,0,0,0,99,100
04013,Aubignosc,556,"39,4867233069995",0,0,0,555,556,0,0,0,100,100
04016,Authon,50,"30,6659346673401",0,0,0,48,50,0,0,0,96,100
04017,Auzet,90,"28,6887165901426",0,0,0,0,90,0,0,0,0,100
04018,Banon,1057,"35,0626229847232",0,0,0,1057,1057,0,0,0,100,100
04019,Barcelonnette,2634,"30,9187704767305",0,0,0,0,2634,0,0,0,0,100
04020,Barles,147,"31,0792058463026",0,0,0,46,147,0,0,0,31,100
04021,Barras,145,"35,3637993605241",0,0,0,145,145,0,0,0,100,100
04022,Barrême,457,"32,3123262705662",0,0,0,457,457,0,0,0,100,100
04023,Bayons,232,"32,8211978001827",0,0,0,0,232,0,0,0,0,100
04024,Beaujeu,150,"31,5063237422007",0,0,0,66,150,0,0,0,44,100
04025,Beauvezer,343,"25,0961778425656",0,0,0,341,343,0,0,0,99,100
04026,Bellaffaire,152,"32,8442139908921",0,0,0,0,152,0,0,0,0,100
04027,Bevons,234,"37,6504295580782",0,0,0,222,234,0,0,0,95,100
04028,Beynes,122,"33,3058216985515",0,0,0,122,122,0,0,0,100,100
04030,Blieux,56,"28,4939019081008",0,0,0,55,56,0,0,0,98,100
04031,Bras-d'Asse,560,"37,932107337745",0,0,0,546,560,0,0,0,98,100
04032,Braux,125,"25,7868994622883",0,0,0,125,125,0,0,0,100,100
04033,Ubaye-Serre-Ponçon,698,"31,3011496325335",0,0,0,0,698,0,0,0,0,100
04034,La Brillanne,1027,"44,6554047954356",0,0,955,986,1027,0,0,93,96,100
04035,Brunet,260,"38,1960466968692",0,0,0,258,260,0,0,0,99,100
04036,Le Brusquet,964,"35,4973753650718",0,0,0,963,964,0,0,0,100,100
04037,Le Caire,64,"34,704469375",0,0,0,0,64,0,0,0,0,100
04039,Castellane,1557,"30,8625452793834",0,0,0,1557,1557,0,0,0,100,100
04040,Le Castellard-Melan,60,"31,4534153621107",0,0,0,55,60,0,0,0,92,100
04041,Le Castellet,289,"37,9729097781651",0,0,0,287,289,0,0,0,99,100
04042,Castellet-lès-Sausses,124,"29,0778868297139",0,0,0,118,124,0,0,0,95,100
04043,Val-de-Chalvagne,78,"25,8332994658076",0,0,0,74,78,0,0,0,95,100
04045,Céreste,1242,"45,6162281398883",0,0,1194,1242,1242,0,0,96,100,100
04046,Le Chaffaut-Saint-Jurson,755,"37,2980599829426",0,0,0,746,755,0,0,0,99,100
04047,Champtercier,772,"35,7548181875466",0,0,0,772,772,0,0,0,100,100
04049,Château-Arnoux-Saint-Auban,5184,"42,3866888111401",0,0,0,5184,5184,0,0,0,100,100
04050,Châteaufort,25,"36,7862786516092",0,0,0,6,25,0,0,0,24,100
04051,Châteauneuf-Miravail,78,"33,2487854158881",0,0,0,78,78,0,0,0,100,100
04053,Châteauneuf-Val-Saint-Donat,497,"38,3835716832126",0,0,0,497,497,0,0,0,100,100
04054,Châteauredon,81,"34,8980800607071",0,0,0,81,81,0,0,0,100,100
04055,Chaudon-Norante,178,"30,7186178715589",0,0,0,167,178,0,0,0,94,100
04057,Clamensane,181,"36,6155507136498",0,0,0,0,181,0,0,0,0,100
04058,Claret,250,"38,7294937382265",0,0,0,0,250,0,0,0,0,100
04059,Clumanc,186,"28,8051579646915",0,0,0,186,186,0,0,0,100,100
04061,Colmars,395,"24,046876397349",0,0,0,391,395,0,0,0,99,100
04062,La Condamine-Châtelard,196,"26,8624810883209",0,0,0,19,196,0,0,0,10,100
04063,Corbières,1041,"46,4298625984422",0,0,1041,1014,1041,0,0,100,97,100
04065,Cruis,637,"35,5807842552098",0,0,0,626,637,0,0,0,98,100
04066,Curbans,483,"38,6770830708678",0,0,0,0,483,0,0,0,0,100
04067,Curel,54,"32,5466359110599",0,0,0,51,54,0,0,0,94,100
04068,Dauphin,806,"43,1979767282976",0,0,754,804,806,0,0,94,100,100
04069,Demandolx,118,"25,7290730683918",0,0,0,115,118,0,0,0,97,100
04070,Digne-les-Bains,16844,"41,9632027274507",0,0,3,16844,16844,0,0,0,100,100
04072,Draix,87,"31,3127654018108",0,0,0,77,87,0,0,0,89,100
04073,Enchastrayes,403,"27,4262499816998",0,0,0,65,403,0,0,0,16,100
04074,Entrages,114,"30,4818338687095",0,0,0,114,114,0,0,0,100,100
04075,Entrepierres,396,"36,5768040154156",0,0,0,211,396,0,0,0,53,100
04076,Entrevaux,933,"32,7773393352443",0,0,0,933,933,0,0,0,100,100
04077,Entrevennes,164,"35,7008484156688",0,0,0,164,164,0,0,0,100,100
04079,L'Escale,1349,"40,3929973931645",0,0,0,1330,1349,0,0,0,99,100
04081,Esparron-de-Verdon,422,"40,5710598341844",0,0,343,422,422,0,0,81,100,100
04084,Estoublon,476,"37,0470619980271",0,0,0,473,476,0,0,0,99,100
04085,Faucon-du-Caire,57,"31,8565660648593",0,0,0,0,57,0,0,0,0,100
04086,Faucon-de-Barcelonnette,305,"29,0795928769466",0,0,0,31,305,0,0,0,10,100
04087,Fontienne,132,"34,7579761744499",0,0,0,132,132,0,0,0,100,100
04088,Forcalquier,4775,"41,607961289999",0,0,0,4707,4775,0,0,0,99,100
04090,Le Fugeret,205,"27,1199844917005",0,0,0,205,205,0,0,0,100,100
04091,Ganagobie,84,"36,9715734377085",0,0,0,84,84,0,0,0,100,100
04092,La Garde,85,"28,6155777420928",0,0,0,85,85,0,0,0,100,100
04093,Gigors,60,"33,1242407604546",0,0,0,0,60,0,0,0,0,100
04094,Gréoux-les-Bains,2589,"44,1767762709752",0,0,2578,2581,2589,0,0,100,100,100
04095,L'Hospitalet,89,"31,2367454258162",0,0,0,89,89,0,0,0,100,100
04096,Jausiers,1135,"29,1411925515274",0,0,0,112,1135,0,0,0,10,100
04097,La Javie,395,"34,2495210504632",0,0,0,394,395,0,0,0,100,100
04099,Lambruisse,94,"25,0531527885757",0,0,0,91,94,0,0,0,97,100
04101,Lardiers,115,"32,8870667614804",0,0,0,114,115,0,0,0,99,100
04102,Le Lauzet-Ubaye,226,"32,5528500007934",0,0,0,1,226,0,0,0,0,100
04104,Limans,329,"37,897789288485",0,0,0,329,329,0,0,0,100,100
04106,Lurs,377,"39,5406652275455",0,0,0,377,377,0,0,0,100,100
04107,Majastres,2,"27,0434785652178",0,0,0,2,2,0,0,0,100,100
04108,Malijai,1976,"40,6913469894844",0,0,0,1959,1976,0,0,0,99,100
04109,Mallefougasse-Augès,286,"35,010429002595",0,0,0,278,286,0,0,0,97,100
04110,Mallemoisson,998,"38,6922226368457",0,0,0,998,998,0,0,0,100,100
04111,Mane,1386,"42,1660632037763",0,0,38,1380,1386,0,0,3,100,100
04112,Manosque,22099,"51,3325071323154",21,0,22068,22099,22099,0,0,100,100,100
04113,Marcoux,516,"36,0226376642518",0,0,0,516,516,0,0,0,100,100
04115,Méailles,115,"25,5088447414378",0,0,0,115,115,0,0,0,100,100
04116,Les Mées,3548,"41,0382527457305",0,0,0,3548,3548,0,0,0,100,100
04118,Melve,111,"34,9121408345565",0,0,0,0,111,0,0,0,0,100
04120,Val-d'Oronaye,121,"25,1389241207501",0,0,0,121,121,0,0,0,100,100
04121,Mézel,709,"35,7403914143649",0,0,0,700,709,0,0,0,99,100
04122,Mirabeau,500,"35,6237223795142",0,0,0,500,500,0,0,0,100,100
04123,Mison,1045,"38,6666085900692",0,0,0,22,1045,0,0,0,2,100
04124,Montagnac-Montpezat,411,"37,1716612499584",0,0,0,411,411,0,0,0,100,100
04126,Montclar,455,"29,3626462722031",0,0,0,0,455,0,0,0,0,100
04127,Montfort,367,"39,2915290343342",0,0,0,367,367,0,0,0,100,100
04128,Montfuron,204,"38,4751319133717",0,0,22,196,204,0,0,11,96,100
04129,Montjustin,53,"41,1658816668148",0,0,15,51,53,0,0,28,96,100
04130,Montlaux,115,"36,4439276330749",0,0,0,115,115,0,0,0,100,100
04132,Montsalier,111,"34,880620486766",0,0,0,111,111,0,0,0,100,100
04133,Moriez,215,"27,0856232200274",0,0,0,204,215,0,0,0,95,100
04134,La Motte-du-Caire,528,"37,8359535048106",0,0,0,0,528,0,0,0,0,100
04135,Moustiers-Sainte-Marie,691,"35,9997970070209",0,0,0,691,691,0,0,0,100,100
04136,La Mure-Argens,337,"26,3676393074485",0,0,0,332,337,0,0,0,99,100
04137,Nibles,44,"38,8498735114499",0,0,0,0,44,0,0,0,0,100
04138,Niozelles,272,"40,8763465028704",0,0,0,260,272,0,0,0,96,100
04139,Noyers-sur-Jabron,471,"36,4634531435382",0,0,0,466,471,0,0,0,99,100
04140,Les Omergues,127,"31,4292975808978",0,0,0,127,127,0,0,0,100,100
04141,Ongles,347,"35,9105435184281",0,0,0,347,347,0,0,0,100,100
04142,Oppedette,61,"39,4757446847018",0,0,0,60,61,0,0,0,98,100
04143,Oraison,5598,"44,6530206700489",0,0,5336,5484,5598,0,0,95,98,100
04144,La Palud-sur-Verdon,329,"29,9260499178055",0,0,0,325,329,0,0,0,99,100
04145,Peipin,1482,"39,7229086886327",0,0,0,1286,1482,0,0,0,87,100
04148,Peyroules,227,"26,3811482270516",0,0,0,225,227,0,0,0,99,100
04149,Peyruis,2767,"42,3686218632284",0,0,0,2734,2767,0,0,0,99,100
04150,Piégut,149,"33,4696981970697",0,0,0,0,149,0,0,0,0,100
04151,Pierrerue,521,"40,1640934873894",0,0,0,521,521,0,0,0,100,100
04152,Pierrevert,3699,"44,6267823392519",0,0,3693,3692,3699,0,0,100,100,100
04154,Pontis,78,"32,3785099826244",0,0,0,0,78,0,0,0,0,100
04155,Prads-Haute-Bléone,186,"29,9432228804994",0,0,0,182,186,0,0,0,98,100
04156,Puimichel,220,"34,965469992942",0,0,0,220,220,0,0,0,100,100
04157,Puimoisson,755,"35,5921529831544",0,0,0,755,755,0,0,0,100,100
04158,Quinson,443,"40,4765924326394",0,0,310,443,443,0,0,70,100,100
04159,Redortiers,67,"29,7428466494618",0,0,0,67,67,0,0,0,100,100
04160,Reillanne,1552,"40,8703955155649",0,0,63,1542,1552,0,0,4,99,100
04161,Méolans-Revel,333,"29,6022360838155",0,0,0,49,333,0,0,0,15,100
04162,Revest-des-Brousses,272,"38,0694368960537",0,0,0,265,272,0,0,0,97,100
04163,Revest-du-Bion,585,"32,3772087702726",0,0,0,582,585,0,0,0,99,100
04164,Revest-Saint-Martin,64,"34,7037032060181",0,0,0,64,64,0,0,0,100,100
04166,Riez,1819,"38,8743879542656",0,0,11,1811,1819,0,0,1,100,100
04167,La Robine-sur-Galabre,314,"34,2714581964706",0,0,0,314,314,0,0,0,100,100
04169,La Rochegiron,97,"31,6180763559865",0,0,0,97,97,0,0,0,100,100
04170,La Rochette,62,"26,157858522926",0,0,0,61,62,0,0,0,98,100
04171,Rougon,103,"29,0419463183521",0,0,0,103,103,0,0,0,100,100
04172,Roumoules,694,"36,3500894016494",0,0,0,694,694,0,0,0,100,100
04173,Saint-André-les-Alpes,925,"28,7742081527112",0,0,0,915,925,0,0,0,99,100
04174,Saint-Benoît,132,"29,9245842644542",0,0,0,89,132,0,0,0,67,100
04175,Sainte-Croix-à-Lauze,81,"38,5846743418949",0,0,0,78,81,0,0,0,96,100
04176,Sainte-Croix-du-Verdon,122,"38,1289741538249",0,0,0,122,122,0,0,0,100,100
04177,Hautes-Duyes,40,"31,9647350176325",0,0,0,38,40,0,0,0,95,100
04178,Saint-Étienne-les-Orgues,1234,"36,498262853948",0,0,0,1219,1234,0,0,0,99,100
04179,Saint-Geniez,89,"30,6170614812503",0,0,0,84,89,0,0,0,94,100
04180,Saint-Jacques,55,"28,8402518408242",0,0,0,55,55,0,0,0,100,100
04181,Saint-Jeannet,58,"33,1175964503479",0,0,0,55,58,0,0,0,95,100
04182,Saint-Julien-d'Asse,186,"37,622421768649",0,0,0,175,186,0,0,0,94,100
04183,Saint-Julien-du-Verdon,154,"27,4495270913803",0,0,0,154,154,0,0,0,100,100
04184,Saint-Jurs,148,"31,3444684249282",0,0,0,148,148,0,0,0,100,100
04186,Saint-Laurent-du-Verdon,89,"38,9881623688611",0,0,0,89,89,0,0,0,100,100
04187,Saint-Lions,39,"28,3394681792252",0,0,0,33,39,0,0,0,85,100
04188,Saint-Maime,812,"42,8166864284847",0,0,730,812,812,0,0,90,100,100
04189,Saint-Martin-de-Brômes,554,"41,5937618222162",0,0,544,543,554,0,0,98,98,100
04190,Saint-Martin-les-Eaux,110,"40,6316201771032",0,0,0,106,110,0,0,0,96,100
04191,Saint-Martin-lès-Seyne,14,"30,5405374401536",0,0,0,0,14,0,0,0,0,100
04192,Saint-Michel-l'Observatoire,1196,"42,948327128358",0,0,172,1179,1196,0,0,14,99,100
04193,Saint-Paul-sur-Ubaye,214,"26,5991302645226",0,0,0,117,214,0,0,0,55,100
04194,Saint-Pierre,102,"28,4761170681894",0,0,0,102,102,0,0,0,100,100
04195,Saint-Pons,721,"29,8321128597686",0,0,0,24,721,0,0,0,3,100
04197,Sainte-Tulle,3376,"47,7650217123273",0,0,3376,3337,3376,0,0,100,99,100
04199,Saint-Vincent-sur-Jabron,228,"34,7723873766042",0,0,0,221,228,0,0,0,97,100
04200,Salignac,598,"38,9727009122671",0,0,0,423,598,0,0,0,71,100
04201,Saumane,109,"31,5555045769295",0,0,0,109,109,0,0,0,100,100
04202,Sausses,119,"29,1441967239008",0,0,0,118,119,0,0,0,99,100
04203,Selonnet,436,"29,6099290858221",0,0,0,0,436,0,0,0,0,100
04204,Senez,162,"28,8458739871296",0,0,0,162,162,0,0,0,100,100
04205,Seyne,1419,"30,2915659108655",0,0,0,553,1419,0,0,0,39,100
04206,Sigonce,399,"38,8573977211475",0,0,0,399,399,0,0,0,100,100
04207,Sigoyer,101,"36,7868750787129",0,0,0,0,101,0,0,0,0,100
04208,Simiane-la-Rotonde,602,"36,5873690741088",0,0,0,593,602,0,0,0,99,100
04209,Sisteron,7360,"41,8129181671213",0,0,2,4187,7360,0,0,0,57,100
04210,Soleilhas,119,"25,1070390152572",0,0,0,115,119,0,0,0,97,100
04211,Sourribes,177,"39,3041251999485",0,0,0,174,177,0,0,0,98,100
04214,Tartonne,137,"28,5409555940309",0,0,0,135,137,0,0,0,99,100
04216,Thèze,222,"40,5117841561248",0,0,0,0,222,0,0,0,0,100
04217,Thoard,732,"34,6097586951189",0,0,0,732,732,0,0,0,100,100
04218,Thorame-Basse,222,"25,9408716611064",0,0,0,220,222,0,0,0,99,100
04219,Thorame-Haute,232,"24,8108957736493",0,0,0,232,232,0,0,0,100,100
04220,Les Thuiles,371,"29,6237350914136",0,0,0,3,371,0,0,0,1,100
04222,Turriers,367,"32,2375411316965",0,0,0,0,367,0,0,0,0,100
04224,Ubraye,97,"25,2396183096718",0,0,0,97,97,0,0,0,100,100
04226,Uvernet-Fours,586,"26,7927045017794",0,0,0,369,586,0,0,0,63,100
04227,Vachères,265,"35,3788244498754",0,0,0,265,265,0,0,0,100,100
04228,Valavoire,39,"31,5141088615067",0,0,0,25,39,0,0,0,64,100
04229,Valbelle,233,"37,1002188840262",0,0,0,233,233,0,0,0,100,100
04230,Valensole,3280,"41,0799654453384",0,0,1727,3247,3280,0,0,53,99,100
04231,Valernes,250,"39,7055573230212",0,0,0,55,250,0,0,0,22,100
04233,Vaumeilh,265,"39,2557339377705",0,0,0,81,265,0,0,0,31,100
04234,Venterol,248,"33,8251056943561",0,0,0,0,248,0,0,0,0,100
04235,Verdaches,60,"29,8322369474232",0,0,0,0,60,0,0,0,0,100
04236,Vergons,116,"26,1223315433723",0,0,0,116,116,0,0,0,100,100
04237,Le Vernet,123,"29,4861415842392",0,0,0,87,123,0,0,0,71,100
04240,Villars-Colmars,257,"24,6421568913558",0,0,0,253,257,0,0,0,98,100
04241,Villemus,175,"40,0637294026301",0,0,3,170,175,0,0,2,97,100
04242,Villeneuve,3713,"43,4205141971044",0,0,3519,3529,3713,0,0,95,95,100
04244,Volonne,1676,"41,2293762611204",0,0,0,1676,1676,0,0,0,100,100
04245,Volx,3090,"44,489314898198",0,0,3085,3080,3090,0,0,100,100,100
05001,Abriès,333,"26,9781696551842",0,0,0,333,333,0,0,0,100,100
05003,Aiguilles,449,"27,0704788732645",0,0,0,3,449,0,0,0,1,100
05004,Ancelle,883,"29,5740978555782",0,0,0,0,883,0,0,0,0,100
05006,L'Argentière-la-Bessée,2318,"35,1880599267382",0,0,0,0,2318,0,0,0,0,100
05007,Arvieux,371,"24,9112087666455",0,0,0,22,371,0,0,0,6,100
05008,Aspremont,327,"37,939590007063",0,0,0,0,327,0,0,0,0,100
05009,Aspres-lès-Corps,129,"33,7800895330402",0,0,0,0,129,0,0,0,0,100
05010,Aspres-sur-Buëch,824,"37,7056365031312",0,0,0,0,824,0,0,0,0,100
05011,Avançon,407,"35,0937796148643",0,0,0,0,407,0,0,0,0,100
05012,Baratier,499,"37,6012725798702",0,0,0,0,499,0,0,0,0,100
05013,Barcillonnette,147,"37,6893148587232",0,0,0,0,147,0,0,0,0,100
05014,Barret-sur-Méouge,233,"35,7640275498216",0,0,0,11,233,0,0,0,5,100
05016,La Bâtie-Montsaléon,220,"37,2393409401516",0,0,0,0,220,0,0,0,0,100
05017,La Bâtie-Neuve,2420,"35,3445395989863",0,0,0,0,2420,0,0,0,0,100
05018,La Bâtie-Vieille,301,"33,4679172531836",0,0,0,0,301,0,0,0,0,100
05019,La Beaume,159,"33,9392490601884",0,0,0,0,159,0,0,0,0,100
05021,Le Bersac,151,"36,7875439089811",0,0,0,0,151,0,0,0,0,100
05022,Bréziers,201,"34,8478539032799",0,0,0,0,201,0,0,0,0,100
05023,Briançon,12301,"34,1399726949743",0,0,0,0,12301,0,0,0,0,100
05024,Bruis,74,"35,3910392359778",0,0,0,1,74,0,0,0,1,100
05025,Buissard,186,"32,744829432704",0,0,0,0,186,0,0,0,0,100
05026,Ceillac,298,"25,2295695897374",0,0,0,48,298,0,0,0,16,100
05027,Cervières,175,"25,1283079266812",0,0,0,36,175,0,0,0,21,100
05028,Chabestan,151,"36,2632026209029",0,0,0,0,151,0,0,0,0,100
05029,Chabottes,785,"33,2517337766105",0,0,0,0,785,0,0,0,0,100
05031,Champcella,177,"28,8883285717855",0,0,0,0,177,0,0,0,0,100
05032,Champoléon,136,"29,5742988424273",0,0,0,13,136,0,0,0,10,100
05033,Chanousse,61,"33,3202597144561",0,0,0,0,61,0,0,0,0,100
05035,Châteauneuf-d'Oze,25,"32,2276364656873",0,0,0,0,25,0,0,0,0,100
05036,Châteauroux-les-Alpes,1116,"33,8570112481978",0,0,0,0,1116,0,0,0,0,100
05037,Châteauvieux,464,"36,8109952859497",0,0,0,0,464,0,0,0,0,100
05038,Château-Ville-Vieille,339,"26,3139204379944",0,0,0,0,339,0,0,0,0,100
05039,Chauffayer,391,"34,8809655826554",0,0,0,0,391,0,0,0,0,100
05040,Chorges,2714,"35,7622022890508",0,0,0,0,2714,0,0,0,0,100
05043,Les Costes,169,"31,7689329032021",0,0,0,0,169,0,0,0,0,100
05044,Crévoux,134,"26,8393153478742",0,0,0,134,134,0,0,0,100,100
05045,Crots,985,"34,354450203886",0,0,0,0,985,0,0,0,0,100
05046,Embrun,6143,"40,0798830162818",0,0,0,0,6143,0,0,0,0,100
05047,Éourres,134,"29,7472375592582",0,0,0,134,134,0,0,0,100,100
05048,L'Épine,185,"34,449334007446",0,0,0,5,185,0,0,0,3,100
05049,Esparron,39,"33,5589590248556",0,0,0,0,39,0,0,0,0,100
05050,Espinasses,695,"37,8160269049807",0,0,0,0,695,0,0,0,0,100
05051,Étoile-Saint-Cyrice,32,"32,3137081433986",0,0,0,26,32,0,0,0,81,100
05052,Eygliers,750,"33,9955791030063",0,0,0,0,750,0,0,0,0,100
05053,Garde-Colombe,542,"39,8318258302583",0,0,0,0,542,0,0,0,0,100
05054,La Fare-en-Champsaur,470,"35,7153821544992",0,0,0,0,470,0,0,0,0,100
05055,La Faurie,305,"34,8590514886363",0,0,0,0,305,0,0,0,0,100
05056,Forest-Saint-Julien,293,"31,7855277140782",0,0,0,0,293,0,0,0,0,100
05057,Fouillouse,202,"37,0320066423354",0,0,0,0,202,0,0,0,0,100
05058,Freissinières,203,"28,3486181303376",0,0,0,19,203,0,0,0,9,100
05059,La Freissinouse,648,"32,7876176272519",0,0,0,0,648,0,0,0,0,100
05060,Furmeyer,141,"34,121091016454",0,0,0,0,141,0,0,0,0,100
05061,Gap,40761,"44,6715537233985",88,0,2916,0,40761,0,0,7,0,100
05062,Le Glaizil,180,"33,5157129818246",0,0,0,0,180,0,0,0,0,100
05063,La Grave,487,"25,7313629173419",0,0,0,85,487,0,0,0,17,100
05064,La Chapelle-en-Valgaudémar,111,"31,8499726459504",0,0,0,87,111,0,0,0,78,100
05065,Guillestre,2367,"33,3901248260321",0,0,0,0,2367,0,0,0,0,100
05066,La Haute-Beaume,10,"29,9300012790004",0,0,0,0,10,0,0,0,0,100
05068,Jarjayes,418,"34,3929225182206",0,0,0,0,418,0,0,0,0,100
05070,Laragne-Montéglin,3579,"43,1120962846444",0,0,0,0,3579,0,0,0,0,100
05071,Lardier-et-Valença,312,"37,4758776125808",0,0,0,0,312,0,0,0,0,100
05072,Laye,245,"31,0639386097709",0,0,0,0,245,0,0,0,0,100
05073,Lazer,340,"38,6098639511475",0,0,0,0,340,0,0,0,0,100
05074,Lettret,176,"37,9416320114109",0,0,0,0,176,0,0,0,0,100
05075,Manteyer,423,"31,807610260846",0,0,0,0,423,0,0,0,0,100
05076,Méreuil,88,"37,1831023639513",0,0,0,0,88,0,0,0,0,100
05077,Molines-en-Queyras,308,"25,2248447214245",0,0,0,172,308,0,0,0,56,100
05078,Monêtier-Allemont,305,"42,1460450876539",0,0,0,0,305,0,0,0,0,100
05079,Le Monêtier-les-Bains,1011,"28,6281979329514",0,0,0,2,1011,0,0,0,0,100
05080,Montbrand,67,"31,7311246843134",0,0,0,0,67,0,0,0,0,100
05081,Montclus,57,"35,1646405517693",0,0,0,0,57,0,0,0,0,100
05082,Mont-Dauphin,151,"33,9340929148993",0,0,0,0,151,0,0,0,0,100
05084,Montgardin,458,"35,6569265031546",0,0,0,0,458,0,0,0,0,100
05085,Montgenèvre,530,"23,7640404156249",0,0,0,0,530,0,0,0,0,100
05086,Montjay,104,"33,355313892821",0,0,0,15,104,0,0,0,14,100
05087,Montmaur,526,"33,7433524113212",0,0,0,0,526,0,0,0,0,100
05088,Montmorin,93,"34,4141583034548",0,0,0,91,93,0,0,0,98,100
05089,Montrond,61,"39,0165308292906",0,0,0,0,61,0,0,0,0,100
05090,La Motte-en-Champsaur,227,"31,7399661761667",0,0,0,0,227,0,0,0,0,100
05091,Moydans,61,"37,8112116819021",0,0,0,47,61,0,0,0,77,100
05092,Neffes,749,"37,3620019800291",0,0,0,0,749,0,0,0,0,100
05093,Névache,366,"25,9868770031408",0,0,0,0,366,0,0,0,0,100
05094,Nossage-et-Bénévent,11,"35,6689028482816",0,0,0,0,11,0,0,0,0,100
05095,Le Noyer,271,"33,0051723641048",0,0,0,0,271,0,0,0,0,100
05096,Orcières,725,"26,9676845517241",0,0,0,211,725,0,0,0,29,100
05097,Orpierre,327,"36,4509658445683",0,0,0,0,327,0,0,0,0,100
05098,Les Orres,506,"30,5543469474994",0,0,0,0,506,0,0,0,0,100
05099,Oze,100,"35,0838187176602",0,0,0,0,100,0,0,0,0,100
05100,Pelleautier,643,"33,5721879921125",0,0,0,0,643,0,0,0,0,100
05101,Vallouise-Pelvoux,1234,"29,2953821240735",0,0,0,3,1234,0,0,0,0,100
05102,La Piarre,90,"32,9308367351927",0,0,0,0,90,0,0,0,0,100
05103,Le Poët,731,"40,4074765326974",0,0,0,1,731,0,0,0,0,100
05104,Poligny,344,"32,4758851406735",0,0,0,0,344,0,0,0,0,100
05106,Prunières,294,"32,570482948912",0,0,0,0,294,0,0,0,0,100
05107,Puy-Saint-André,467,"27,0011928183652",0,0,0,0,467,0,0,0,0,100
05108,Puy-Saint-Eusèbe,130,"30,7001618614887",0,0,0,0,130,0,0,0,0,100
05109,Puy-Saint-Pierre,505,"33,1290270226772",0,0,0,0,505,0,0,0,0,100
05110,Puy-Saint-Vincent,286,"26,0011240555707",0,0,0,0,286,0,0,0,0,100
05111,Puy-Sanières,231,"31,6070943673328",0,0,0,0,231,0,0,0,0,100
05112,Rabou,78,"30,5765979833598",0,0,0,0,78,0,0,0,0,100
05113,Rambaud,364,"33,0688865904107",0,0,0,0,364,0,0,0,0,100
05114,Réallon,252,"28,1319910855439",0,0,0,32,252,0,0,0,13,100
05115,Remollon,440,"39,9267640834097",0,0,0,0,440,0,0,0,0,100
05116,Réotier,207,"30,4069673070483",0,0,0,0,207,0,0,0,0,100
05117,Ribeyret,102,"33,2913873084671",0,0,0,8,102,0,0,0,8,100
05118,Val-Buëch-Méouge,1299,"39,0339939880102",0,0,0,163,1299,0,0,0,13,100
05119,Risoul,665,"28,9005811298998",0,0,0,1,665,0,0,0,0,100
05120,Ristolas,71,"25,8255312316461",0,0,0,71,71,0,0,0,100,100
05121,Rochebrune,171,"38,0315597701848",0,0,0,0,171,0,0,0,0,100
05122,La Roche-de-Rame,848,"33,1130429488105",0,0,0,0,848,0,0,0,0,100
05123,La Roche-des-Arnauds,1449,"33,3280591544146",0,0,0,0,1449,0,0,0,0,100
05124,La Rochette,468,"35,8553856115707",0,0,0,0,468,0,0,0,0,100
05126,Rosans,505,"37,7487266359226",0,0,0,505,505,0,0,0,100,100
05127,Rousset,160,"35,9188515249688",0,0,0,0,160,0,0,0,0,100
05128,Saint-André-d'Embrun,631,"33,0123807906027",0,0,0,0,631,0,0,0,0,100
05129,Saint-André-de-Rosans,143,"36,0599128252358",0,0,0,143,143,0,0,0,100,100
05130,Saint-Apollinaire,123,"29,9188402337928",0,0,0,0,123,0,0,0,0,100
05131,Saint-Auban-d'Oze,71,"32,8436936577212",0,0,0,0,71,0,0,0,0,100
05132,Saint-Bonnet-en-Champsaur,2054,"34,2541179480445",0,0,0,0,2054,0,0,0,0,100
05133,Saint-Chaffrey,1663,"28,5343145566117",0,0,0,0,1663,0,0,0,0,100
05134,Saint-Clément-sur-Durance,295,"36,3739833609482",0,0,0,0,295,0,0,0,0,100
05135,Sainte-Colombe,62,"32,6598723129238",0,0,0,21,62,0,0,0,34,100
05136,Saint-Crépin,653,"32,7036997572531",0,0,0,0,653,0,0,0,0,100
05139,Dévoluy,1013,"29,1587080022906",0,0,0,327,1013,0,0,0,32,100
05140,Saint-Étienne-le-Laus,306,"36,1506494024446",0,0,0,0,306,0,0,0,0,100
05141,Saint-Eusèbe-en-Champsaur,150,"32,5932710621807",0,0,0,0,150,0,0,0,0,100
05142,Saint-Firmin,477,"33,2546262912945",0,0,0,0,477,0,0,0,0,100
05144,Saint-Jacques-en-Valgodemard,148,"33,6137560004647",0,0,0,0,148,0,0,0,0,100
05145,Saint-Jean-Saint-Nicolas,992,"31,4120684847577",0,0,0,0,992,0,0,0,0,100
05146,Saint-Julien-en-Beauchêne,126,"32,4800610352274",0,0,0,0,126,0,0,0,0,100
05147,Saint-Julien-en-Champsaur,332,"31,7246083430236",0,0,0,0,332,0,0,0,0,100
05148,Saint-Laurent-du-Cros,507,"33,1815824113514",0,0,0,0,507,0,0,0,0,100
05149,Saint-Léger-les-Mélèzes,332,"30,8584726879983",0,0,0,0,332,0,0,0,0,100
05150,Sainte-Marie,42,"38,1220775412492",0,0,0,0,42,0,0,0,0,100
05151,Saint-Martin-de-Queyrières,1065,"29,2327528276055",0,0,0,0,1065,0,0,0,0,100
05152,Saint-Maurice-en-Valgodemard,144,"33,1561223384138",0,0,0,0,144,0,0,0,0,100
05153,Saint-Michel-de-Chaillol,321,"27,8374638949824",0,0,0,0,321,0,0,0,0,100
05154,Saint-Pierre-d'Argençon,158,"36,6123220064064",0,0,0,0,158,0,0,0,0,100
05155,Saint-Pierre-Avez,32,"34,2648748294137",0,0,0,1,32,0,0,0,3,100
05156,Saint-Sauveur,430,"33,3750954214473",0,0,0,0,430,0,0,0,0,100
05157,Saint-Véran,274,"24,8907365024192",0,0,0,266,274,0,0,0,97,100
05158,Le Saix,102,"34,9776364815507",0,0,0,0,102,0,0,0,0,100
05159,Saléon,93,"37,5112412474378",0,0,0,0,93,0,0,0,0,100
05160,Salérans,97,"34,0063297820684",0,0,0,41,97,0,0,0,42,100
05161,La Salle-les-Alpes,932,"28,1860140139005",0,0,0,0,932,0,0,0,0,100
05162,La Saulce,1319,"41,3719543167891",0,0,0,0,1319,0,0,0,0,100
05163,Le Sauze-du-Lac,139,"33,6232585611511",0,0,0,0,139,0,0,0,0,100
05164,Savines-le-Lac,1068,"36,1371862318834",0,0,0,0,1068,0,0,0,0,100
05165,Savournon,235,"36,1764925331692",0,0,0,0,235,0,0,0,0,100
05166,Serres,1241,"40,1917774090696",0,0,0,0,1241,0,0,0,0,100
05167,Sigottier,83,"35,3852756153885",0,0,0,0,83,0,0,0,0,100
05168,Sigoyer,646,"32,4861624150706",0,0,0,0,646,0,0,0,0,100
05169,Sorbiers,42,"33,2821738449999",0,0,0,37,42,0,0,0,88,100
05170,Tallard,2020,"40,6656120310155",0,0,0,0,2020,0,0,0,0,100
05171,Théus,208,"34,0458035590148",0,0,0,0,208,0,0,0,0,100
05172,Trescléoux,307,"37,0683721473373",0,0,0,0,307,0,0,0,0,100
05173,Upaix,431,"38,9469727550455",0,0,0,0,431,0,0,0,0,100
05174,Val-des-Prés,579,"27,0031029647449",0,0,0,0,579,0,0,0,0,100
05176,Valserres,239,"39,8008011290367",0,0,0,0,239,0,0,0,0,100
05177,Vars,706,"25,3027010308545",0,0,0,706,706,0,0,0,100,100
05178,Ventavon,498,"39,4927584134564",0,0,0,0,498,0,0,0,0,100
05179,Veynes,3149,"38,3907398830885",0,0,0,0,3149,0,0,0,0,100
05180,Les Vigneaux,491,"30,3820417257637",0,0,0,0,491,0,0,0,0,100
05181,Villar-d'Arêne,310,"25,4113026950933",0,0,0,91,310,0,0,0,29,100
05182,Villar-Loubière,45,"31,9233270188145",0,0,0,0,45,0,0,0,0,100
05183,Villar-Saint-Pancrace,1446,"31,5145512099696",0,0,0,28,1446,0,0,0,2,100
05184,Vitrolles,204,"39,5556423910888",0,0,0,0,204,0,0,0,0,100
06001,Aiglun,91,"32,2414397036345",0,0,0,91,91,0,0,0,100,100
06002,Amirat,63,"25,7284372486953",0,0,0,57,63,0,0,0,90,100
06003,Andon,568,"25,9920965849245",0,0,0,568,568,0,0,0,100,100
06004,Antibes,75568,"66,9652937922268",2328,0,75568,75176,75568,3,0,100,99,100
06005,Ascros,169,"25,0415081951537",0,0,0,168,169,0,0,0,99,100
06006,Aspremont,2179,"38,9696944355985",0,0,0,2179,2179,0,0,0,100,100
06007,Auribeau-sur-Siagne,3049,"52,5851774107508",19,0,3049,3035,3049,1,0,100,100,100
06008,Auvare,45,"25,8461475042622",0,0,0,45,45,0,0,0,100,100
06009,Bairols,108,"28,8533880827059",0,0,0,108,108,0,0,0,100,100
06010,Le Bar-sur-Loup,2926,"46,2578886347234",0,0,2396,2860,2926,0,0,82,98,100
06011,Beaulieu-sur-Mer,3764,"54,7114211152065",3,0,3764,3762,3764,0,0,100,100,100
06012,Beausoleil,13272,"61,9210862193188",786,0,13150,11970,13272,6,0,99,90,100
06013,Belvédère,640,"26,9423376164546",0,0,0,640,640,0,0,0,100,100
06014,Bendejun,949,"35,3670110535101",0,0,0,939,949,0,0,0,99,100
06015,Berre-les-Alpes,1278,"32,4436760583772",0,0,0,1277,1278,0,0,0,100,100
06016,Beuil,503,"25,0044097291441",0,0,0,496,503,0,0,0,99,100
06017,Bézaudun-les-Alpes,233,"28,3945863729635",0,0,0,223,233,0,0,0,96,100
06018,Biot,10054,"55,0457038206412",5,0,10060,9757,10054,0,0,100,97,100
06019,Blausasc,1468,"45,3317220099196",0,0,1029,1468,1468,0,0,70,100,100
06020,La Bollène-Vésubie,552,"29,796895628975",0,0,0,550,552,0,0,0,100,100
06021,Bonson,706,"36,5316300053762",0,0,0,686,706,0,0,0,97,100
06022,Bouyon,484,"33,1324936520703",0,0,0,483,484,0,0,0,100,100
06023,Breil-sur-Roya,2444,"34,6237492464507",0,0,0,2415,2444,0,0,0,99,100
06024,Briançonnet,234,"24,9194602116659",0,0,0,231,234,0,0,0,99,100
06025,Le Broc,1376,"40,1715351658639",0,0,51,1346,1376,0,0,4,98,100
06026,Cabris,1384,"43,2342701437742",0,0,388,1384,1384,0,0,28,100,100
06027,Cagnes-sur-Mer,46686,"64,5755192855255",3680,0,46686,42661,46686,8,0,100,91,100
06028,Caille,403,"26,4261139837982",0,0,0,370,403,0,0,0,92,100
06029,Cannes,73603,"62,4397636993311",2602,0,73603,19272,73603,4,0,100,26,100
06030,Le Cannet,43115,"60,7864722691895",1532,0,43115,0,43115,4,0,100,0,100
06031,Cantaron,1337,"40,402396754584",0,0,438,610,1337,0,0,33,46,100
06032,Cap-d'Ail,4741,"60,5304749290482",393,0,4741,4741,4741,8,0,100,100,100
06033,Carros,11497,"47,3001917752986",0,0,9660,11462,11497,0,0,84,100,100
06034,Castagniers,1540,"43,5668874504395",0,0,526,1540,1540,0,0,34,100,100
06035,Castellar,963,"41,8548438669273",0,0,98,963,963,0,0,10,100,100
06036,Castillon,383,"36,4301116725907",0,0,0,377,383,0,0,0,98,100
06037,Caussols,253,"26,9842866931951",0,0,0,248,253,0,0,0,98,100
06038,Châteauneuf-Grasse,3184,"46,5483411797301",0,0,2592,3184,3184,0,0,81,100,100
06039,Châteauneuf-Villevieille,896,"34,3603674341671",0,0,0,822,896,0,0,0,92,100
06040,Châteauneuf-d'Entraunes,52,"24,2915114224398",0,0,0,52,52,0,0,0,100,100
06041,Cipières,372,"30,6621013709677",0,0,0,372,372,0,0,0,100,100
06042,Clans,575,"31,968721194229",0,0,0,569,575,0,0,0,99,100
06043,Coaraze,783,"32,2406203223847",0,0,0,759,783,0,0,0,97,100
06044,La Colle-sur-Loup,7726,"53,6868013222688",11,0,7391,7699,7726,0,0,96,100,100
06045,Collongues,102,"29,4716911413279",0,0,0,101,102,0,0,0,99,100
06046,Colomars,3318,"45,0876229920711",0,0,508,3318,3318,0,0,15,100,100
06047,Conségudes,93,"31,126435711284",0,0,0,88,93,0,0,0,95,100
06048,Contes,7187,"43,4000660900685",0,0,2009,7098,7187,0,0,28,99,100
06049,Courmes,106,"34,3469634108396",0,0,0,98,106,0,0,0,92,100
06050,Coursegoules,497,"27,0789198385119",0,0,0,484,497,0,0,0,97,100
06051,La Croix-sur-Roudoule,94,"26,6763349532251",0,0,0,91,94,0,0,0,97,100
06052,Cuébris,122,"31,8595034006217",0,0,0,122,122,0,0,0,100,100
06053,Daluis,152,"27,7432746606959",0,0,0,149,152,0,0,0,98,100
06054,Drap,4341,"45,732979499714",0,0,3531,2414,4341,0,0,81,56,100
06055,Duranus,170,"32,6572369715171",0,0,0,170,170,0,0,0,100,100
06056,Entraunes,120,"25,3195775",0,0,0,120,120,0,0,0,100,100
06057,L'Escarène,2449,"37,6642588389988",0,0,0,2414,2449,0,0,0,99,100
06058,Escragnolles,620,"28,623251743289",0,0,0,607,620,0,0,0,98,100
06059,Èze,2535,"46,7755133905235",2,0,1000,2535,2535,0,0,39,100,100
06060,Falicon,1920,"40,739658560718",0,0,560,573,1920,0,0,29,30,100
06061,Les Ferres,96,"32,0602545858675",0,0,0,96,96,0,0,0,100,100
06062,Fontan,291,"30,4078877459755",0,0,0,259,291,0,0,0,89,100
06063,Gars,67,"27,335",0,0,0,63,67,0,0,0,94,100
06064,Gattières,4103,"45,9729116479916",0,0,2618,4036,4103,0,0,64,98,100
06065,La Gaude,6695,"49,9790500623506",27,0,2962,6695,6695,0,0,44,100,100
06066,Gilette,1516,"39,5821882992843",0,0,121,1505,1516,0,0,8,99,100
06067,Gorbio,1304,"42,668713548913",0,0,27,1294,1304,0,0,2,99,100
06068,Gourdon,416,"41,6824584022456",0,0,161,413,416,0,0,39,99,100
06069,Grasse,51021,"56,7146551219023",918,0,50368,51021,51021,2,0,99,100,100
06070,Gréolières,589,"28,462434004294",0,0,0,574,589,0,0,0,97,100
06071,Guillaumes,689,"24,9743403136138",0,0,0,686,689,0,0,0,100,100
06072,Ilonse,173,"26,4756025377116",0,0,0,172,173,0,0,0,99,100
06073,Isola,747,"26,233238495054",0,0,0,747,747,0,0,0,100,100
06074,Lantosque,1320,"30,2742855003995",0,0,0,1320,1320,0,0,0,100,100
06075,Levens,4761,"35,7759797589925",0,0,23,4709,4761,0,0,0,99,100
06076,Lieuche,38,"26,2460318170426",0,0,0,38,38,0,0,0,100,100
06077,Lucéram,1215,"28,6874521462213",0,0,0,1215,1215,0,0,0,100,100
06078,Malaussène,265,"36,0266344018639",0,0,0,263,265,0,0,0,99,100
06079,Mandelieu-la-Napoule,22714,"57,0661060070619",85,0,22708,3268,22714,0,0,100,14,100
06080,Marie,91,"32,3876096075285",0,0,0,83,91,0,0,0,91,100
06081,Le Mas,171,"25,9160407504141",0,0,0,170,171,0,0,0,99,100
06082,Massoins,111,"34,9706569210758",0,0,0,111,111,0,0,0,100,100
06083,Menton,29073,"54,928236146662",559,0,28107,28926,29073,2,0,97,99,100
06084,Mouans-Sartoux,10214,"53,1177290176596",81,0,10214,10214,10214,1,0,100,100,100
06085,Mougins,17884,"53,3537346609634",241,0,17884,3434,17884,1,0,100,19,100
06086,Moulinet,224,"25,0603509659774",0,0,0,207,224,0,0,0,92,100
06087,Les Mujouls,41,"29,1089861824829",0,0,0,41,41,0,0,0,100,100
06088,Nice,343629,"70,8571661089888",95429,868,339662,33268,343629,28,0,99,10,100
06089,Opio,2184,"46,8579086391326",0,0,2131,2142,2184,0,0,98,98,100
06090,Pégomas,7285,"52,8213382877942",9,0,7282,7040,7285,0,0,100,97,100
06091,Peille,2317,"38,6475630190669",0,0,569,2306,2317,0,0,25,100,100
06092,Peillon,1439,"47,2210436250301",0,0,1332,1408,1439,0,0,93,98,100
06093,La Penne,327,"28,350330737052",0,0,0,319,327,0,0,0,98,100
06094,Péone,984,"24,1942132416854",0,0,0,961,984,0,0,0,98,100
06095,Peymeinade,7949,"49,0048247578862",24,0,7942,7906,7949,0,0,100,99,100
06096,Pierlas,89,"25,0764858341027",0,0,0,89,89,0,0,0,100,100
06097,Pierrefeu,282,"34,6335905987708",0,0,0,268,282,0,0,0,95,100
06098,Puget-Rostang,123,"28,1475997866994",0,0,0,115,123,0,0,0,93,100
06099,Puget-Théniers,1840,"35,2798004256598",0,0,0,1820,1840,0,0,0,99,100
06100,Revest-les-Roches,211,"27,8454933283159",0,0,0,210,211,0,0,0,100,100
06101,Rigaud,220,"30,1946968234985",0,0,0,216,220,0,0,0,98,100
06102,Rimplas,141,"25,1918229711604",0,0,0,136,141,0,0,0,96,100
06103,Roquebillière,1752,"30,2790150072466",0,0,0,1712,1752,0,0,0,98,100
06104,Roquebrune-Cap-Martin,12641,"56,4592763376028",235,0,12258,11847,12641,2,0,97,94,100
06105,Roquefort-les-Pins,6222,"48,6689685093905",7,0,5749,6222,6222,0,0,92,100,100
06106,Roquesteron,559,"36,3596624608471",0,0,0,555,559,0,0,0,99,100
06107,La Roque-en-Provence,81,"35,1945862035462",0,0,0,80,81,0,0,0,99,100
06108,La Roquette-sur-Siagne,5243,"52,7354631297667",23,0,5243,3902,5243,0,0,100,74,100
06109,La Roquette-sur-Var,897,"41,3615294155427",0,0,122,897,897,0,0,14,100,100
06110,Roubion,125,25,0,0,0,125,125,0,0,0,100,100
06111,Roure,205,"25,1781820193347",0,0,0,205,205,0,0,0,100,100
06112,Le Rouret,3965,"47,1448315221467",14,0,3676,3887,3965,0,0,93,98,100
06113,Sainte-Agnès,1169,"44,0829887098557",3,0,115,1169,1169,0,0,10,100,100
06114,Saint-André-de-la-Roche,5346,"48,383381947457",92,0,4925,0,5346,2,0,92,0,100
06115,Saint-Antonin,118,"27,2905384087289",0,0,0,113,118,0,0,0,96,100
06116,Saint-Auban,228,"25,0030531868958",0,0,0,224,228,0,0,0,98,100
06117,Saint-Blaise,988,"38,715549684309",0,0,86,977,988,0,0,9,99,100
06118,Saint-Cézaire-sur-Siagne,3772,"40,5297911377152",1,0,328,3692,3772,0,0,9,98,100
06119,Saint-Dalmas-le-Selvage,125,"25,1546132947625",0,0,0,125,125,0,0,0,100,100
06120,Saint-Étienne-de-Tinée,1298,"24,083566102961",0,0,0,1296,1298,0,0,0,100,100
06121,Saint-Jean-Cap-Ferrat,1889,"52,2689721148812",0,0,1889,1889,1889,0,0,100,100,100
06122,Saint-Jeannet,3887,"44,8339972670226",0,0,736,3783,3887,0,0,19,97,100
06123,Saint-Laurent-du-Var,29343,"62,3097295876292",987,0,29343,27087,29343,3,0,100,92,100
06124,Saint-Léger,69,"24,1790818061963",0,0,0,68,69,0,0,0,99,100
06125,Saint-Martin-d'Entraunes,102,"24,2701549019608",0,0,0,93,102,0,0,0,91,100
06126,Saint-Martin-du-Var,2682,"45,2892343710453",0,0,2003,2627,2682,0,0,75,98,100
06127,Saint-Martin-Vésubie,1345,"26,3638925894055",0,0,0,1322,1345,0,0,0,98,100
06128,Saint-Paul,3548,"53,6170144622628",3,0,3061,3535,3548,0,0,86,100,100
06129,Saint-Sauveur-sur-Tinée,347,"34,4937009521389",0,0,0,345,347,0,0,0,99,100
06130,Saint-Vallier-de-Thiey,3478,"36,3235753165487",0,0,0,3399,3478,0,0,0,98,100
06131,Sallagriffon,45,"28,8581512753389",0,0,0,45,45,0,0,0,100,100
06132,Saorge,444,"29,2390819361766",0,0,0,444,444,0,0,0,100,100
06133,Sauze,84,"23,1470932073648",0,0,0,77,84,0,0,0,92,100
06134,Séranon,482,"26,195227148991",0,0,0,475,482,0,0,0,99,100
06135,Sigale,210,"32,2853282181651",0,0,0,210,210,0,0,0,100,100
06136,Sospel,3568,"36,1241297662243",0,0,0,3537,3568,0,0,0,99,100
06137,Spéracèdes,1279,"44,0114724388098",0,0,955,1276,1279,0,0,75,100,100
06138,Théoule-sur-Mer,1526,"53,3060281554267",6,0,1526,1526,1526,0,0,100,100,100
06139,Thiéry,104,"25,0122976970376",0,0,0,102,104,0,0,0,98,100
06140,Le Tignet,3225,"46,0335042969358",0,0,3014,3182,3225,0,0,93,99,100
06141,Toudon,317,"28,9454846831182",0,0,0,301,317,0,0,0,95,100
06142,Touët-de-l'Escarène,313,"32,4935337566369",0,0,0,313,313,0,0,0,100,100
06143,Touët-sur-Var,686,"39,1506915658312",0,0,35,682,686,0,0,5,99,100
06144,La Tour,537,"35,6762974154393",0,0,8,501,537,0,0,1,93,100
06145,Tourette-du-Château,119,"26,8017851131439",0,0,0,117,119,0,0,0,98,100
06146,Tournefort,140,"35,436119503211",0,0,0,140,140,0,0,0,100,100
06147,Tourrette-Levens,4786,"39,5609271101866",0,0,209,4241,4786,0,0,4,89,100
06148,Tourrettes-sur-Loup,3993,"45,6212475194575",0,0,885,3993,3993,0,0,22,100,100
06149,La Trinité,10085,"51,0575994502423",416,0,8434,1063,10085,4,0,84,11,100
06150,La Turbie,3179,"48,765393200944",69,0,765,3179,3179,2,0,24,100,100
06151,Utelle,765,"32,6705763675527",0,0,0,743,765,0,0,0,97,100
06152,Valbonne,12619,"51,8827104326951",4,0,12619,12619,12619,0,0,100,100,100
06153,Valdeblore,908,"25,3670884745998",0,0,0,901,908,0,0,0,99,100
06154,Valderoure,421,"25,715731286397",0,0,0,409,421,0,0,0,97,100
06155,Vallauris,26595,"59,2693318515568",396,0,26595,14385,26595,1,0,100,54,100
06156,Venanson,152,"24,9874985057588",0,0,0,152,152,0,0,0,100,100
06157,Vence,19241,"51,4106113553908",14,0,15368,19160,19241,0,0,80,100,100
06158,Villars-sur-Var,667,"35,9578045078606",0,0,0,667,667,0,0,0,100,100
06159,Villefranche-sur-Mer,5443,"56,3506635064164",129,0,5018,1645,5443,2,0,92,30,100
06160,Villeneuve-d'Entraunes,73,"24,4181923357418",0,0,0,73,73,0,0,0,100,100
06161,Villeneuve-Loubet,14814,"59,1644577182705",65,0,14808,14814,14814,0,0,100,100,100
06162,La Brigue,726,"25,2965502077538",0,0,0,726,726,0,0,0,100,100
06163,Tende,2153,"26,0334409271079",0,0,0,2114,2153,0,0,0,98,100
13001,Aix-en-Provence,141148,"62,8005376561499",3038,1007,141148,140684,141148,2,1,100,100,100
13002,Allauch,20690,"57,8594468412555",0,0,20690,20243,20690,0,0,100,98,100
13003,Alleins,2428,"52,5760441871202",0,0,2428,2403,2428,0,0,100,99,100
13004,Arles,52439,"58,2813864315783",872,22,52439,25479,52439,2,0,100,49,100
13005,Aubagne,45243,"62,513034969867",256,1,45243,45243,45243,1,0,100,100,100
13006,Aureille,1544,"48,7607991200802",0,0,1544,1521,1544,0,0,100,99,100
13007,Auriol,11621,"53,6865393135967",7,0,11628,11621,11621,0,0,100,100,100
13008,Aurons,531,"48,2703344349807",0,0,533,531,531,0,0,100,100,100
13009,La Barben,724,"51,4664332548268",0,0,724,687,724,0,0,100,95,100
13010,Barbentane,3877,"55,5412895086867",0,0,3877,3877,3877,0,0,100,100,100
13011,Les Baux-de-Provence,465,"47,8775492021971",0,0,465,451,465,0,0,100,97,100
13012,Beaurecueil,551,"48,4021860305255",0,0,551,551,551,0,0,100,100,100
13013,Belcodène,1849,"47,6448180055172",0,0,1851,1825,1849,0,0,100,99,100
13014,Berre-l'Étang,13978,"59,6037808021727",0,0,13978,13840,13978,0,0,100,99,100
13015,Bouc-Bel-Air,13844,"53,7210188476675",0,1,13846,13240,13844,0,0,100,96,100
13016,La Bouilladisse,6022,"53,7532529516101",0,0,6022,5997,6022,0,0,100,100,100
13017,Boulbon,1510,"55,1128621109108",0,0,1510,1510,1510,0,0,100,100,100
13018,Cabannes,4357,"59,8309267726893",26,0,4357,4341,4357,1,0,100,100,100
13019,Cabriès,9011,"54,7120832038214",1,0,9009,8610,9011,0,0,100,96,100
13020,Cadolive,2123,"51,8580536524034",0,0,2123,2123,2123,0,0,100,100,100
13021,Carry-le-Rouet,6197,"57,3298711470096",0,0,6197,6197,6197,0,0,100,100,100
13022,Cassis,7560,"54,7140396905517",0,0,7560,7560,7560,0,0,100,100,100
13023,Ceyreste,4178,"51,2527384488684",0,0,4178,4178,4178,0,0,100,100,100
13024,Charleval,2515,"52,5727262977042",0,0,2515,2498,2515,0,0,100,99,100
13025,Châteauneuf-le-Rouge,2130,"51,9149140190718",0,0,2125,2104,2130,0,0,100,99,100
13026,Châteauneuf-les-Martigues,13277,"62,6475559868347",18,0,13278,12268,13277,0,0,100,92,100
13027,Châteaurenard,15934,"63,1892138148365",34,0,15934,15665,15934,0,0,100,98,100
13028,La Ciotat,34063,"54,9780481490735",2,0,34063,33738,34063,0,0,100,99,100
13029,Cornillon-Confoux,1348,"53,6598775080545",0,0,1348,1342,1348,0,0,100,100,100
13030,Cuges-les-Pins,4922,"53,6023783541134",0,0,4915,4898,4922,0,0,100,100,100
13031,La Destrousse,3074,"57,3193891380946",0,0,3074,3013,3074,0,0,100,98,100
13032,Éguilles,7453,"53,7164715767573",0,0,7453,7453,7453,0,0,100,100,100
13033,Ensuès-la-Redonne,5311,"54,9059554771196",0,0,5310,5252,5311,0,0,100,99,100
13034,Eygalières,1761,"50,3429529550832",0,0,1766,1754,1761,0,0,100,100,100
13035,Eyguières,6596,"54,884856598777",0,0,6596,6446,6596,0,0,100,98,100
13036,Eyragues,4178,"56,5338667554954",0,0,4178,4100,4178,0,0,100,98,100
13037,La Fare-les-Oliviers,7618,"57,8225904675954",1,0,7618,7256,7618,0,0,100,95,100
13038,Fontvieille,3653,"55,2487857428406",0,0,3653,3653,3653,0,0,100,100,100
13039,Fos-sur-Mer,15859,"52,9494367219867",57,0,15859,12548,15859,0,0,100,79,100
13040,Fuveau,9369,"52,2357952084193",1,0,9370,9351,9369,0,0,100,100,100
13041,Gardanne,20616,"61,9956273683652",24,8,20615,20472,20616,0,0,100,99,100
13042,Gémenos,6198,"56,1129555282219",0,0,6194,6165,6198,0,0,100,99,100
13043,Gignac-la-Nerthe,9070,"64,1063169333468",0,0,9074,9059,9070,0,0,100,100,100
13044,Grans,4319,"56,7662831763518",0,0,4319,4282,4319,0,0,100,99,100
13045,Graveson,4271,"57,5079077275188",0,0,4271,4032,4271,0,0,100,94,100
13046,Gréasque,4086,"51,8959667642212",0,0,4086,4086,4086,0,0,100,100,100
13047,Istres,42944,"53,7905918867314",14,0,42948,42944,42944,0,0,100,100,100
13048,Jouques,4257,"46,6944644428671",0,0,4257,4248,4257,0,0,100,100,100
13049,Lamanon,1900,"57,4758914376367",3,0,1900,1823,1900,0,0,100,96,100
13050,Lambesc,9261,"55,6371449777666",0,0,9261,9250,9261,0,0,100,100,100
13051,Lançon-Provence,8473,"57,4939060872885",2,0,8473,8399,8473,0,0,100,99,100
13052,Maillane,2437,"57,407799119951",0,0,2437,2408,2437,0,0,100,99,100
13053,Mallemort,6197,"52,6361159888527",0,0,6197,6197,6197,0,0,100,100,100
13054,Marignane,34405,"69,9650730321696",34,0,34397,34385,34405,0,0,100,100,100
13056,Martigues,47624,"57,6547027972341",1032,5,47624,42358,47624,2,0,100,89,100
13057,Mas-Blanc-des-Alpilles,507,"55,628896945472",2,0,507,505,507,0,0,100,100,100
13058,Maussane-les-Alpilles,2242,"52,4177856783175",0,0,2242,2242,2242,0,0,100,100,100
13059,Meyrargues,3704,"49,0020738994927",0,0,3704,3625,3704,0,0,100,98,100
13060,Meyreuil,5293,"57,3391764531701",2,0,5290,5292,5293,0,0,100,100,100
13061,Saint-Pierre-de-Mézoargues,232,"56,9240864699208",0,0,232,232,232,0,0,100,100,100
13062,Mimet,4536,"48,349814839629",0,0,4537,4510,4536,0,0,100,99,100
13063,Miramas,25064,"57,4051430366412",0,0,25063,25064,25064,0,0,100,100,100
13064,Mollégès,2534,"53,546498182143",0,0,2529,2534,2534,0,0,100,100,100
13065,Mouriès,3484,"52,918854177159",0,0,3484,3484,3484,0,0,100,100,100
13066,Noves,5293,"58,7619784579612",0,0,5293,5238,5293,0,0,100,99,100
13067,Orgon,3120,"56,8796073057671",2,0,3120,3120,3120,0,0,100,100,100
13068,Paradou,1638,"51,997002499784",0,0,1638,1526,1638,0,0,100,93,100
13069,Pélissanne,9601,"57,101690854329",0,0,9598,9582,9601,0,0,100,100,100
13070,La Penne-sur-Huveaune,6300,"62,7923173469639",29,0,6300,6300,6300,0,0,100,100,100
13071,Les Pennes-Mirabeau,20279,"55,7321644734726",122,0,20274,4514,20279,1,0,100,22,100
13072,Peynier,2974,"52,6610425139763",0,0,2974,2966,2974,0,0,100,100,100
13073,Peypin,5397,"52,5988935176081",0,0,5397,5363,5397,0,0,100,99,100
13074,Peyrolles-en-Provence,4751,"51,2093611978198",0,0,4751,4717,4751,0,0,100,99,100
13075,Plan-de-Cuques,10896,"60,2366618930665",17,0,10896,10896,10896,0,0,100,100,100
13076,Plan-d'Orgon,3067,"55,0447708300381",1,0,3067,2981,3067,0,0,100,97,100
13077,Port-de-Bouc,17112,"57,9295768456003",566,10,17112,368,17112,3,0,100,2,100
13078,Port-Saint-Louis-du-Rhône,8579,"59,9429342490082",0,0,8579,8372,8579,0,0,100,98,100
13079,Puyloubier,1860,"47,1844162185816",0,0,1860,1845,1860,0,0,100,99,100
13080,Le Puy-Sainte-Réparade,5379,"50,5590513866303",0,0,5379,5338,5379,0,0,100,99,100
13081,Rognac,11737,"61,0349151479629",6,0,11737,11707,11737,0,0,100,100,100
13082,Rognes,4684,"46,9598939180603",0,0,4684,4683,4684,0,0,100,100,100
13083,Rognonas,4024,"61,0327832659501",4,0,4024,4024,4024,0,0,100,100,100
13084,La Roque-d'Anthéron,5390,"50,401535745246",0,0,5390,5357,5390,0,0,100,99,100
13085,Roquefort-la-Bédoule,5148,"51,4972189877334",0,0,5148,5063,5148,0,0,100,98,100
13086,Roquevaire,8693,"56,7014538539966",27,0,8674,8527,8693,0,0,100,98,100
13087,Rousset,4561,"51,9610579992059",0,0,4566,4483,4561,0,0,100,98,100
13088,Le Rove,4507,"56,4280530084546",0,0,4511,4459,4507,0,0,100,99,100
13089,Saint-Andiol,3298,"56,4792154956508",0,0,3298,3211,3298,0,0,100,97,100
13090,Saint-Antonin-sur-Bayon,130,"44,9546661538462",0,0,130,130,130,0,0,100,100,100
13091,Saint-Cannat,5431,"53,7134472226488",0,0,5431,5431,5431,0,0,100,100,100
13092,Saint-Chamas,7852,"55,4331160739689",0,0,7853,7776,7852,0,0,100,99,100
13093,Saint-Estève-Janson,359,"51,1014115894997",0,0,359,356,359,0,0,100,99,100
13094,Saint-Étienne-du-Grès,2302,"56,1168841353082",0,0,2302,2297,2302,0,0,100,100,100
13095,Saint-Marc-Jaumegarde,1125,"46,8703430723564",0,0,1125,1116,1125,0,0,100,99,100
13096,Saintes-Maries-de-la-Mer,2495,"52,9144816929787",0,0,2495,2396,2495,0,0,100,96,100
13097,Saint-Martin-de-Crau,12072,"56,3849979950312",17,22,12072,988,12072,0,0,100,8,100
13098,Saint-Mitre-les-Remparts,5721,"54,5471321053375",2,0,5717,5556,5721,0,0,100,97,100
13099,Saint-Paul-lès-Durance,987,"46,5734001482508",0,0,987,947,987,0,0,100,96,100
13100,Saint-Rémy-de-Provence,10406,"55,7845802731875",0,0,10406,10406,10406,0,0,100,100,100
13101,Saint-Savournin,3240,"50,5717154201677",0,0,3240,3240,3240,0,0,100,100,100
13102,Saint-Victoret,6632,"65,3308374115496",22,0,6633,6597,6632,0,0,100,99,100
13103,Salon-de-Provence,43771,"58,6181268456356",110,0,43771,42812,43771,0,0,100,98,100
13104,Sausset-les-Pins,7703,"56,5282672445081",0,0,7703,7703,7703,0,0,100,100,100
13105,Sénas,6770,"58,4107023459471",17,0,6770,6661,6770,0,0,100,98,100
13106,Septèmes-les-Vallons,10708,"55,5474954673556",82,0,10713,411,10708,1,0,100,4,100
13107,Simiane-Collongue,5437,"53,5678785027329",0,0,5437,5437,5437,0,0,100,100,100
13108,Tarascon,13540,"66,8166945664524",31,0,13540,13105,13540,0,0,100,97,100
13109,Le Tholonet,2289,"54,2172097942103",2,0,2289,2266,2289,0,0,100,99,100
13110,Trets,10383,"54,2467721699185",0,0,10383,10220,10383,0,0,100,98,100
13111,Vauvenargues,1034,"44,3130598689279",0,0,1034,1027,1034,0,0,100,99,100
13112,Velaux,8664,"55,7049250243981",0,0,8664,8589,8664,0,0,100,99,100
13113,Venelles,8278,"52,9448168001975",0,0,8278,8227,8278,0,0,100,99,100
13114,Ventabren,4646,"54,7759594282041",0,0,4646,4598,4646,0,0,100,99,100
13115,Vernègues,1524,"49,3465213854855",0,0,1524,1463,1524,0,0,100,96,100
13116,Verquières,799,"55,4489778781394",0,0,799,799,799,0,0,100,100,100
13117,Vitrolles,34843,"65,3411698748137",141,0,34843,34827,34843,0,0,100,100,100
13118,Coudoux,3470,"57,633631117313",0,0,3470,3459,3470,0,0,100,100,100
13119,Carnoux-en-Provence,6764,"53,6195418255098",0,0,6764,6764,6764,0,0,100,100,100
13201,Marseille 1er Arrondissement,38972,"79,0695877168681",10857,40,38972,0,38972,28,0,100,0,100
13202,Marseille 2e Arrondissement,24274,"71,4930218819819",4649,0,24274,0,24274,19,0,100,0,100
13203,Marseille 3e Arrondissement,44666,"76,7569538254194",9462,102,44666,0,44666,21,0,100,0,100
13204,Marseille 4e Arrondissement,47869,"77,6001255045914",8548,234,47869,0,47869,18,0,100,0,100
13205,Marseille 5e Arrondissement,46460,"80,8754982611692",9079,7575,46512,0,46460,20,16,100,0,100
13206,Marseille 6e Arrondissement,41838,"82,9576552278084",19338,633,41793,0,41838,46,2,100,0,100
13207,Marseille 7e Arrondissement,35620,"71,2864516789267",2547,2,35665,4881,35620,7,0,100,14,100
13208,Marseille 8e Arrondissement,78065,"72,5573676032404",6271,2580,78065,22911,78065,8,3,100,29,100
13209,Marseille 9e Arrondissement,74130,"64,8075929631158",597,4,74130,46781,74130,1,0,100,63,100
13210,Marseille 10e Arrondissement,54279,"70,6915685557158",4073,3786,54217,6972,54279,8,7,100,13,100
13211,Marseille 11e Arrondissement,56835,"67,7010418854211",900,13,56835,21785,56835,2,0,100,38,100
13212,Marseille 12e Arrondissement,60528,"68,5846579205725",389,2,60538,7661,60528,1,0,100,13,100
13213,Marseille 13e Arrondissement,90122,"65,0835805889763",1376,0,90122,27469,90122,2,0,100,30,100
13214,Marseille 14e Arrondissement,60949,"68,890204685683",3639,132,60949,0,60949,6,0,100,0,100
13215,Marseille 15e Arrondissement,80808,"63,4553811651151",2210,145,80808,20,80808,3,0,100,0,100
13216,Marseille 16e Arrondissement,17101,"62,914578703008",169,0,17101,1238,17101,1,0,100,7,100
83001,Les Adrets-de-l'Estérel,2788,"44,327342546885",0,0,2788,2518,2788,0,0,100,90,100
83002,Aiguines,269,"33,2755955843421",0,0,0,265,269,0,0,0,99,100
83003,Ampus,931,"38,4812106196003",0,0,85,927,931,0,0,9,100,100
83004,Les Arcs,6971,"49,7415401154751",0,0,6971,6743,6971,0,0,100,97,100
83005,Artignosc-sur-Verdon,310,"38,5174720099293",0,0,213,300,310,0,0,69,97,100
83006,Artigues,216,"41,0666518098983",0,0,216,204,216,0,0,100,94,100
83007,Aups,2113,"40,5021077626159",0,0,254,2104,2113,0,0,12,100,100
83008,Bagnols-en-Forêt,2565,"44,3289759562061",0,0,2549,2503,2565,0,0,99,98,100
83009,Bandol,7622,"53,9853672964458",5,0,7622,7576,7622,0,0,100,99,100
83010,Bargème,180,"28,2011133333333",0,0,0,167,180,0,0,0,93,100
83011,Bargemon,1529,"40,3125995000121",0,0,12,1512,1529,0,0,1,99,100
83012,Barjols,3080,"45,3137996407722",0,0,3080,3069,3080,0,0,100,100,100
83013,La Bastide,200,"27,6425558643758",0,0,0,200,200,0,0,0,100,100
83014,Baudinard-sur-Verdon,202,"35,9584910069129",0,0,0,199,202,0,0,0,99,100
83015,Bauduen,324,"37,6859603252146",0,0,0,324,324,0,0,0,100,100
83016,Le Beausset,9204,"50,585875092447",19,0,9204,9092,9204,0,0,100,99,100
83017,Belgentier,2421,"52,1353912615577",26,0,2421,2421,2421,1,0,100,100,100
83018,Besse-sur-Issole,3025,"44,2583322625882",0,0,3014,2980,3025,0,0,100,99,100
83019,Bormes-les-Mimosas,7698,"48,7464117501265",0,0,7698,7548,7698,0,0,100,98,100
83020,Le Bourguet,26,"28,9591650157058",0,0,0,25,26,0,0,0,96,100
83021,Bras,2543,"45,1453026662738",0,0,2543,2520,2543,0,0,100,99,100
83022,Brenon,24,"28,6814330494029",0,0,0,21,24,0,0,0,88,100
83023,Brignoles,16454,"56,4020292308892",29,0,16451,16168,16454,0,0,100,98,100
83025,Brue-Auriac,1222,"45,4932198535245",0,0,1222,1208,1222,0,0,100,99,100
83026,Cabasse,1949,"44,6281565202403",0,0,1949,1949,1949,0,0,100,100,100
83027,La Cadière-d'Azur,5448,"51,1021579118716",0,0,5448,5410,5448,0,0,100,99,100
83028,Callas,1829,"43,7772027440736",0,0,1429,1823,1829,0,0,78,100,100
83029,Callian,3346,"43,6908965091889",0,0,2433,3287,3346,0,0,73,98,100
83030,Camps-la-Source,1788,"45,5149923223751",0,0,1779,1753,1788,0,0,99,98,100
83031,Le Cannet-des-Maures,4187,"49,0360573910952",0,0,4185,4128,4187,0,0,100,99,100
83032,Carcès,3386,"48,093794023895",0,0,3386,3360,3386,0,0,100,99,100
83033,Carnoules,3385,"45,3167216000866",0,0,3383,3313,3385,0,0,100,98,100
83034,Carqueiranne,9899,"51,1298195101358",0,0,9899,9896,9899,0,0,100,100,100
83035,Le Castellet,4083,"49,0617393387206",0,0,4083,4022,4083,0,0,100,99,100
83036,Cavalaire-sur-Mer,7062,"51,8740773888122",0,0,7062,6975,7062,0,0,100,99,100
83037,La Celle,1353,"48,0000844152989",0,0,1338,1317,1353,0,0,99,97,100
83038,Châteaudouble,452,"39,2005787130976",0,0,99,452,452,0,0,22,100,100
83039,Châteauvert,136,"43,757548937219",0,0,136,136,136,0,0,100,100,100
83040,Châteauvieux,78,27,0,0,0,75,78,0,0,0,96,100
83041,Claviers,613,"41,4052453823655",0,0,124,575,613,0,0,20,94,100
83042,Cogolin,11186,"52,5789162261934",0,0,11064,11014,11186,0,0,99,98,100
83043,Collobrières,1854,"44,163380235225",0,0,1721,1834,1854,0,0,93,99,100
83044,Comps-sur-Artuby,334,"30,6055031678859",0,0,0,313,334,0,0,0,94,100
83045,Correns,875,"45,8193028461371",0,0,875,867,875,0,0,100,99,100
83046,Cotignac,2313,"44,668764065255",0,0,2265,2257,2313,0,0,98,98,100
83047,La Crau,16592,"53,9128716979056",9,0,16589,16592,16592,0,0,100,100,100
83048,La Croix-Valmer,3509,"49,3346622653719",0,0,3509,3498,3509,0,0,100,100,100
83049,Cuers,10452,"53,556325244322",343,24,10428,10333,10452,3,0,100,99,100
83050,Draguignan,37476,"52,1630442099517",35,0,37340,37476,37476,0,0,100,100,100
83051,Entrecasteaux,1087,"44,3149425263247",0,0,1087,1087,1087,0,0,100,100,100
83052,Esparron,338,"40,7622632985365",0,0,338,334,338,0,0,100,99,100
83053,Évenos,2120,"46,6440391155111",0,0,2120,2120,2120,0,0,100,100,100
83054,La Farlède,8682,"54,4538682297807",155,0,8682,8591,8682,2,0,100,99,100
83055,Fayence,5460,"44,0421481990844",0,0,4786,5285,5460,0,0,88,97,100
83056,Figanières,2576,"44,0578005518895",0,0,2391,2561,2576,0,0,93,99,100
83057,Flassans-sur-Issole,3229,"44,3399237537474",0,0,3229,3132,3229,0,0,100,97,100
83058,Flayosc,4366,"43,8890518455652",0,0,3844,4366,4366,0,0,88,100,100
83059,Forcalqueiret,2632,"45,3678999985139",0,0,2630,2547,2632,0,0,100,97,100
83060,Fox-Amphoux,483,"39,5533448090934",0,0,324,467,483,0,0,67,97,100
83061,Fréjus,52532,"59,7289823372898",44,0,52451,52344,52532,0,0,100,100,100
83062,La Garde,25736,"55,5840876216287",73,0,25736,20315,25736,0,0,100,79,100
83063,La Garde-Freinet,1810,"44,1387567520944",0,0,1660,1761,1810,0,0,92,97,100
83064,Garéoult,5486,"44,8785619411765",0,0,5481,5486,5486,0,0,100,100,100
83065,Gassin,2818,"50,723315075095",0,0,2939,2818,2818,0,0,104,100,100
83066,Ginasservis,1551,"43,1742017356297",0,0,1551,1523,1551,0,0,100,98,100
83067,Gonfaron,4244,"46,7855751523903",0,0,4229,4215,4244,0,0,100,99,100
83068,Grimaud,4041,"50,6335722952446",0,0,4040,4041,4041,0,0,100,100,100
83069,Hyères,55402,"55,0172845158623",93,0,55402,54527,55402,0,0,100,98,100
83070,Le Lavandou,5165,"52,2705860388637",0,0,5151,5165,5165,0,0,100,100,100
83071,La Londe-les-Maures,9116,"51,2821875897341",35,0,9116,9116,9116,0,0,100,100,100
83072,Lorgues,9047,"46,9363185280638",0,0,9047,9004,9047,0,0,100,100,100
83073,Le Luc,9874,"48,9160589912932",3,0,9874,9532,9874,0,0,100,97,100
83074,La Martre,198,"27,1708452911185",0,0,0,193,198,0,0,0,97,100
83075,Les Mayons,644,"44,4735164628182",0,0,641,644,644,0,0,100,100,100
83076,Mazaugues,848,"41,5101611498592",0,0,811,838,848,0,0,96,99,100
83077,Méounes-lès-Montrieux,2051,"47,971308307198",69,0,2045,2028,2051,3,0,100,99,100
83078,Moissac-Bellevue,302,"37,6652943519844",0,0,0,289,302,0,0,0,96,100
83079,La Môle,1198,"47,4588531406747",0,0,1200,1110,1198,0,0,100,93,100
83080,Mons,866,"33,5184782712998",0,0,0,864,866,0,0,0,100,100
83081,Montauroux,6019,"43,4755611138987",0,0,4718,5109,6019,0,0,78,85,100
83082,Montferrat,1446,"37,7141382861136",0,0,0,1445,1446,0,0,0,100,100
83083,Montfort-sur-Argens,1269,"45,7862231876746",0,0,1269,1239,1269,0,0,100,98,100
83084,Montmeyan,592,"40,0270831090869",0,0,550,577,592,0,0,93,97,100
83085,La Motte,3000,"48,8079852947318",0,0,3005,2953,3000,0,0,100,98,100
83086,Le Muy,9327,"54,1567608337114",233,0,9322,9184,9327,2,0,100,98,100
83087,Nans-les-Pins,4153,"47,9527104056434",0,0,4153,4141,4153,0,0,100,100,100
83088,Néoules,2533,"42,8143487642118",0,0,2529,2533,2533,0,0,100,100,100
83089,Ollières,627,"45,5354780565953",0,0,627,627,627,0,0,100,100,100
83090,Ollioules,13267,"53,4238399875518",20,0,13267,10655,13267,0,0,100,80,100
83091,Pierrefeu-du-Var,5867,"50,3199315343389",37,0,5867,5707,5867,1,0,100,97,100
83092,Pignans,3582,"46,9674023340471",0,0,3552,3476,3582,0,0,99,97,100
83093,Plan-d'Aups-Sainte-Baume,1859,"44,2031060138385",0,0,22,1718,1859,0,0,1,92,100
83094,Le Plan-de-la-Tour,2829,"48,3980073765749",0,0,2829,2829,2829,0,0,100,100,100
83095,Pontevès,781,"41,7063930857875",0,0,765,747,781,0,0,98,96,100
83096,Pourcieux,1173,"47,2299103495729",0,0,1173,1163,1173,0,0,100,99,100
83097,Pourrières,4543,"49,0251746719155",0,0,4543,4493,4543,0,0,100,99,100
83098,Le Pradet,11336,"51,1901273249789",5,0,11336,11336,11336,0,0,100,100,100
83099,Puget-sur-Argens,6915,"57,0753062482744",7,0,6915,6630,6915,0,0,100,96,100
83100,Puget-Ville,3951,"47,7981280728276",0,0,3951,3878,3951,0,0,100,98,100
83101,Ramatuelle,2126,"49,8592653755174",0,0,2127,2126,2126,0,0,100,100,100
83102,Régusse,2280,"38,5487823111663",0,0,523,2244,2280,0,0,23,98,100
83103,Le Revest-les-Eaux,3616,"50,9454529959275",4,0,3616,3616,3616,0,0,100,100,100
83104,Rians,4345,"45,0405224112217",0,0,4345,4253,4345,0,0,100,98,100
83105,Riboux,33,"42,3884817689038",0,0,21,33,33,0,0,64,100,100
83106,Rocbaron,4059,"44,0286796809831",0,0,4046,3735,4059,0,0,100,92,100
83107,Roquebrune-sur-Argens,12155,"51,4864095047112",0,0,12155,12155,12155,0,0,100,100,100
83108,La Roquebrussanne,2513,"47,5482518166057",2,0,2499,2499,2513,0,0,99,99,100
83109,La Roque-Esclapon,271,"28,3961667821216",0,0,0,255,271,0,0,0,94,100
83110,Rougiers,1568,"46,3135379914158",0,0,1568,1568,1568,0,0,100,100,100
83111,Sainte-Anastasie-sur-Issole,1882,"44,423912810666",0,0,1866,1882,1882,0,0,99,100,100
83112,Saint-Cyr-sur-Mer,11755,"54,5703630384528",4,0,11755,11755,11755,0,0,100,100,100
83113,Saint-Julien,2222,"39,9610585436203",0,0,2222,2161,2222,0,0,100,97,100
83114,Saint-Martin,242,"40,2745403134996",0,0,242,227,242,0,0,100,94,100
83115,Sainte-Maxime,13736,"54,8629597925861",10,0,13731,13337,13736,0,0,100,97,100
83116,Saint-Maximin-la-Sainte-Baume,14734,"50,008612833963",8,0,14734,14587,14734,0,0,100,99,100
83117,Saint-Paul-en-Forêt,1733,"43,0914569541827",0,0,1724,1701,1733,0,0,99,98,100
83118,Saint-Raphaël,34115,"60,5017580334654",1,0,34113,33624,34115,0,0,100,99,100
83119,Saint-Tropez,4452,"54,2151081011356",2,0,4451,4452,4452,0,0,100,100,100
83120,Saint-Zacharie,5013,"53,7393588269612",0,0,5013,4972,5013,0,0,100,99,100
83121,Salernes,3764,"44,9012784988346",0,0,3739,3723,3764,0,0,99,99,100
83122,Les Salles-sur-Verdon,244,"38,2101770491803",0,0,0,237,244,0,0,0,97,100
83123,Sanary-sur-Mer,16062,"55,5115779377286",27,0,16062,6181,16062,0,0,100,38,100
83124,Seillans,2489,"40,330900454477",0,0,375,2489,2489,0,0,15,100,100
83125,Seillons-Source-d'Argens,2266,"45,44481873867",0,0,2266,2219,2266,0,0,100,98,100
83126,La Seyne-sur-Mer,63902,"56,2954318090951",434,2,63902,22008,63902,1,0,100,34,100
83127,Signes,2745,"45,9919427879301",12,0,2624,2745,2745,0,0,96,100,100
83128,Sillans-la-Cascade,708,"40,5086196401975",0,0,526,680,708,0,0,74,96,100
83129,Six-Fours-les-Plages,34057,"53,7328909039807",90,0,34057,33498,34057,0,0,100,98,100
83130,Solliès-Pont,11624,"53,8657456356331",57,0,11627,11570,11624,0,0,100,100,100
83131,Solliès-Toucas,5375,"50,7972806126841",8,0,5366,5251,5375,0,0,100,98,100
83132,Solliès-Ville,2454,"49,7837098897973",24,0,2454,2454,2454,1,0,100,100,100
83133,Tanneron,1460,"42,9226376259459",0,0,799,1460,1460,0,0,55,100,100
83134,Taradeau,1786,"47,7904207449572",0,0,1786,1767,1786,0,0,100,99,100
83135,Tavernes,1298,"41,8670070681222",0,0,1216,1268,1298,0,0,94,98,100
83136,Le Thoronet,2373,"45,9798758353256",0,0,2373,2341,2373,0,0,100,99,100
83137,Toulon,164899,"60,8832829909442",4975,132,164972,49084,164899,3,0,100,30,100
83138,Tourrettes,2823,"43,4809121498334",0,0,2410,2784,2823,0,0,85,99,100
83139,Tourtour,593,"36,3790284646188",0,0,0,583,593,0,0,0,98,100
83140,Tourves,4963,"46,7711147071716",0,0,4963,4879,4963,0,0,100,98,100
83141,Trans-en-Provence,5562,"50,275740010849",1,0,5562,5546,5562,0,0,100,100,100
83142,Trigance,171,"30,7776978556944",0,0,0,167,171,0,0,0,98,100
83143,Le Val,4198,"46,2087886197229",0,0,4198,4192,4198,0,0,100,100,100
83144,La Valette-du-Var,21155,"56,9466631900148",284,2,21078,9957,21155,1,0,100,47,100
83145,Varages,1137,"43,2250049012796",0,0,1137,1128,1137,0,0,100,99,100
83146,La Verdière,1652,"40,9432683596103",0,0,1651,1602,1652,0,0,100,97,100
83147,Vérignon,10,"31,3157891684211",0,0,0,10,10,0,0,0,100,100
83148,Vidauban,10908,"50,0673928811049",0,0,10908,10608,10908,0,0,100,97,100
83149,Villecroze,1349,"42,6025057372964",0,0,1298,1275,1349,0,0,96,95,100
83150,Vinon-sur-Verdon,4199,"47,6816230647562",0,0,4199,4199,4199,0,0,100,100,100
83151,Vins-sur-Caramy,966,"44,1850750874508",0,0,966,925,966,0,0,100,96,100
83152,Rayol-Canadel-sur-Mer,714,"48,0751205453517",0,0,714,714,714,0,0,100,100,100
83153,Saint-Mandrier-sur-Mer,5751,"53,0237274363799",41,0,5751,0,5751,1,0,100,0,100
83154,Saint-Antonin-du-Var,689,"43,7627693593663",0,0,678,661,689,0,0,98,96,100
84001,Althen-des-Paluds,2684,"62,2607272921921",4,0,2684,2684,2684,0,0,100,100,100
84002,Ansouis,1157,"48,1150467912802",0,0,1157,1144,1157,0,0,100,99,100
84003,Apt,11979,"52,3936837104948",1,0,11979,11979,11979,0,0,100,100,100
84004,Aubignan,5244,"62,4053032604954",1,0,4994,5164,5244,0,0,95,98,100
84005,Aurel,189,"34,2052975638949",0,0,0,182,189,0,0,0,96,100
84006,Auribeau,74,"39,7349792054279",0,0,74,74,74,0,0,100,100,100
84007,Avignon,89380,"69,378241474657",1428,0,89380,89380,89380,2,0,100,100,100
84008,Le Barroux,669,"47,4033644016594",0,0,0,656,669,0,0,0,98,100
84009,La Bastide-des-Jourdans,1328,"43,2519889790592",0,0,1328,1318,1328,0,0,100,99,100
84010,La Bastidonne,701,"47,0279963292982",0,0,701,701,701,0,0,100,100,100
84011,Le Beaucet,337,"50,6426361124641",0,0,0,337,337,0,0,0,100,100
84012,Beaumes-de-Venise,2388,"56,6992535951837",0,0,1064,2360,2388,0,0,45,99,100
84013,Beaumettes,245,"50,6031153973502",0,0,245,244,245,0,0,100,100,100
84014,Beaumont-de-Pertuis,1093,"43,6871323025509",0,0,1093,1067,1093,0,0,100,98,100
84015,Beaumont-du-Ventoux,306,"36,6255886619904",0,0,0,306,306,0,0,0,100,100
84016,Bédarrides,5111,"63,9092483118839",36,0,5035,5111,5111,1,0,99,100,100
84017,Bédoin,3147,"46,2223047353767",0,0,0,3147,3147,0,0,0,100,100
84018,Blauvac,476,"46,2791205731547",0,0,0,462,476,0,0,0,97,100
84019,Bollène,14131,"56,8254572106607",7,0,6377,14040,14131,0,0,45,99,100
84020,Bonnieux,1395,"47,5058622679943",0,0,1395,1395,1395,0,0,100,100,100
84021,Brantes,81,"38,0880102143172",0,0,0,81,81,0,0,0,100,100
84022,Buisson,259,"48,0992045001617",0,0,0,259,259,0,0,0,100,100
84023,Buoux,118,"41,658098996778",0,0,116,118,118,0,0,98,100,100
84024,Cabrières-d'Aigues,867,"44,6898094306945",0,0,867,852,867,0,0,100,98,100
84025,Cabrières-d'Avignon,1734,"52,576672205881",0,0,1732,1734,1734,0,0,100,100,100
84026,Cadenet,4134,"52,4817251095178",0,0,4134,4110,4134,0,0,100,99,100
84027,Caderousse,2738,"56,699104978801",0,0,1784,2736,2738,0,0,65,100,100
84028,Cairanne,1013,"51,1925689045761",0,0,0,1013,1013,0,0,0,100,100
84029,Camaret-sur-Aigues,4659,"57,2595993532673",14,0,2992,4596,4659,0,0,64,99,100
84030,Caromb,3171,"53,774132617421",0,0,121,3171,3171,0,0,4,100,100
84031,Carpentras,28520,"64,5445568243111",52,0,26216,28520,28520,0,0,92,100,100
84032,Caseneuve,502,"42,1090477783532",0,0,502,475,502,0,0,100,95,100
84033,Castellet,119,"42,501723825992",0,0,119,116,119,0,0,100,97,100
84034,Caumont-sur-Durance,4663,"60,1942652481666",30,0,4663,4642,4663,1,0,100,100,100
84035,Cavaillon,25289,"59,9964555055654",68,0,25289,25289,25289,0,0,100,100,100
84036,Châteauneuf-de-Gadagne,3279,"62,1350332166985",67,0,3279,3270,3279,2,0,100,100,100
84037,Châteauneuf-du-Pape,2179,"56,1943157121398",0,0,18,2159,2179,0,0,1,99,100
84038,Cheval-Blanc,4080,"54,0775361341894",0,0,4078,4080,4080,0,0,100,100,100
84039,Courthézon,5453,"64,4912921664882",80,0,4910,5418,5453,1,0,90,99,100
84040,Crestet,409,"46,8934360856402",0,0,0,409,409,0,0,0,100,100
84041,Crillon-le-Brave,465,"48,1613474921185",0,0,0,443,465,0,0,0,95,100
84042,Cucuron,1809,"46,9530594377559",0,0,1809,1809,1809,0,0,100,100,100
84043,Entraigues-sur-la-Sorgue,8038,"62,383031450076",27,0,8038,7941,8038,0,0,100,99,100
84044,Entrechaux,1116,"47,1842587106725",0,0,0,1094,1116,0,0,0,98,100
84045,Faucon,428,"44,9861195090215",0,0,0,419,428,0,0,0,98,100
84046,Flassan,411,"43,4590179302424",0,0,0,411,411,0,0,0,100,100
84047,Gargas,2843,"49,4403941345765",0,0,2843,2843,2843,0,0,100,100,100
84048,Gignac,50,"40,7478994517645",0,0,48,50,50,0,0,96,100,100
84049,Gigondas,532,"51,7039816207498",0,0,0,531,532,0,0,0,100,100
84050,Gordes,2001,"48,3461383192464",0,0,1854,2001,2001,0,0,93,100,100
84051,Goult,1147,"49,1913304466998",0,0,1147,1147,1147,0,0,100,100,100
84052,Grambois,1154,"44,7610374365884",0,0,1154,1110,1154,0,0,100,96,100
84053,Grillon,1733,"51,9969914170216",0,0,0,1718,1733,0,0,0,99,100
84054,L'Isle-sur-la-Sorgue,18902,"59,3672383679746",4,0,18842,18902,18902,0,0,100,100,100
84055,Jonquerettes,1395,"61,6233064107411",0,0,1395,1354,1395,0,0,100,97,100
84056,Jonquières,4702,"55,8520642355968",0,0,2790,4702,4702,0,0,59,100,100
84057,Joucas,325,"47,5285864878699",0,0,295,325,325,0,0,91,100,100
84058,Lacoste,404,"46,230147066131",0,0,404,404,404,0,0,100,100,100
84059,Lafare,117,"49,3564940542786",0,0,0,115,117,0,0,0,98,100
84060,Lagarde-d'Apt,35,"30,2266114285714",0,0,0,35,35,0,0,0,100,100
84061,Lagarde-Paréol,311,"48,3755785631326",0,0,0,304,311,0,0,0,98,100
84062,Lagnes,1633,"54,1243461650573",0,0,1633,1633,1633,0,0,100,100,100
84063,Lamotte-du-Rhône,402,"53,6062885289376",0,0,2,402,402,0,0,0,100,100
84064,Lapalud,3966,"54,2314064424352",0,0,694,3910,3966,0,0,17,99,100
84065,Lauris,3789,"50,0459093693789",0,0,3789,3709,3789,0,0,100,98,100
84066,Lioux,243,"44,3642135947279",0,0,133,243,243,0,0,55,100,100
84067,Loriol-du-Comtat,2487,"59,7232088666226",0,0,2480,2422,2487,0,0,100,97,100
84068,Lourmarin,1088,"48,3612930965181",0,0,1088,1046,1088,0,0,100,96,100
84069,Malaucène,2684,"49,7923080141008",0,0,0,2683,2684,0,0,0,100,100
84070,Malemort-du-Comtat,1607,"52,6488612689669",0,0,869,1558,1607,0,0,54,97,100
84071,Maubec,1867,"54,2578519123174",0,0,1867,1867,1867,0,0,100,100,100
84072,Mazan,5804,"55,248636179431",0,0,2049,5791,5804,0,0,35,100,100
84073,Ménerbes,1019,"48,2171561800937",0,0,1019,1019,1019,0,0,100,100,100
84074,Mérindol,1987,"52,0238751984034",0,0,1987,1969,1987,0,0,100,99,100
84075,Méthamis,392,"46,2592709211893",0,0,0,382,392,0,0,0,97,100
84076,Mirabeau,1203,"45,2498811312907",0,0,1203,1194,1203,0,0,100,99,100
84077,Modène,449,"51,0736961619926",0,0,0,436,449,0,0,0,97,100
84078,Mondragon,3727,"57,3851416050353",0,0,2164,3709,3727,0,0,58,100,100
84079,Monieux,350,"35,6817036291727",0,0,0,344,350,0,0,0,98,100
84080,Monteux,11436,"62,8680949184894",4,0,11430,11122,11436,0,0,100,97,100
84081,Morières-lès-Avignon,7955,"66,9540682712199",29,0,7955,7741,7955,0,0,100,97,100
84082,Mormoiron,1899,"49,6576138699526",0,0,0,1899,1899,0,0,0,100,100
84083,Mornas,2334,"53,5619323630379",4,0,149,2320,2334,0,0,6,99,100
84084,La Motte-d'Aigues,1330,"45,6780117469199",0,0,1330,1330,1330,0,0,100,100,100
84085,Murs,410,"43,0703126867379",0,0,5,410,410,0,0,1,100,100
84086,Oppède,1339,"50,8099638279156",0,0,1339,1339,1339,0,0,100,100,100
84087,Orange,28948,"61,246157934646",406,0,26448,28948,28948,1,0,91,100,100
84088,Pernes-les-Fontaines,10429,"59,7403172975759",0,0,10107,10429,10429,0,0,97,100,100
84089,Pertuis,19141,"56,1929786770561",0,0,19141,19033,19141,0,0,100,99,100
84090,Peypin-d'Aigues,615,"43,4200106299009",0,0,615,607,615,0,0,100,99,100
84091,Piolenc,5113,"55,5779729075096",7,0,1825,5080,5113,0,0,36,99,100
84092,Le Pontet,17002,"70,23769492409",232,0,17002,16899,17002,1,0,100,99,100
84093,Puget,681,"48,5203984792497",0,0,681,681,681,0,0,100,100,100
84094,Puyméras,640,"45,2675529742924",0,0,0,640,640,0,0,0,100,100
84095,Puyvert,778,"48,144756054484",0,0,778,763,778,0,0,100,98,100
84096,Rasteau,814,"49,6756581877624",0,0,0,805,814,0,0,0,99,100
84097,Richerenches,671,"49,9252973360593",0,0,0,671,671,0,0,0,100,100
84098,Roaix,646,"50,6410827072587",0,0,0,646,646,0,0,0,100,100
84099,Robion,4129,"55,8974015444663",0,0,4129,4129,4129,0,0,100,100,100
84100,La Roque-Alric,52,"47,736365450702",0,0,0,52,52,0,0,0,100,100
84101,La Roque-sur-Pernes,441,"49,8462420862458",0,0,0,439,441,0,0,0,100,100
84102,Roussillon,1318,"47,5050353561685",0,0,1318,1312,1318,0,0,100,100,100
84103,Rustrel,753,"43,6736533167329",0,0,740,753,753,0,0,98,100,100
84104,Sablet,1223,"53,7369546966678",0,0,2,1223,1223,0,0,0,100,100
84105,Saignon,1017,"44,9076166246952",0,0,1017,1017,1017,0,0,100,100,100
84106,Sainte-Cécile-les-Vignes,2369,"55,0612653811416",0,0,210,2353,2369,0,0,9,99,100
84107,Saint-Christol,1357,"33,7275293894317",0,0,0,1349,1357,0,0,0,99,100
84108,Saint-Didier,2147,"57,1150745066992",0,0,2031,2147,2147,0,0,95,100,100
84109,Saint-Hippolyte-le-Graveyron,167,"50,8300876286376",0,0,0,161,167,0,0,0,96,100
84110,Saint-Léger-du-Ventoux,38,"40,0653244850582",0,0,0,36,38,0,0,0,95,100
84111,Saint-Marcellin-lès-Vaison,349,"47,6833826583752",0,0,0,343,349,0,0,0,98,100
84112,Saint-Martin-de-Castillon,741,"43,4411885789106",0,0,741,741,741,0,0,100,100,100
84113,Saint-Martin-de-la-Brasque,822,"45,0184832823859",0,0,822,785,822,0,0,100,95,100
84114,Saint-Pantaléon,201,"50,1807414152205",0,0,201,193,201,0,0,100,96,100
84115,Saint-Pierre-de-Vassols,512,"50,1600541117684",0,0,0,492,512,0,0,0,96,100
84116,Saint-Romain-en-Viennois,857,"47,3341004507746",0,0,0,857,857,0,0,0,100,100
84117,Saint-Roman-de-Malegarde,335,"49,6745676896555",0,0,0,328,335,0,0,0,98,100
84118,Saint-Saturnin-lès-Apt,2726,"45,8503114677136",0,0,2424,2722,2726,0,0,89,100,100
84119,Saint-Saturnin-lès-Avignon,4845,"62,9256047278916",29,0,4845,4820,4845,1,0,100,99,100
84120,Saint-Trinit,126,"33,4560373015873",0,0,0,124,126,0,0,0,98,100
84121,Sannes,176,"45,8288531326367",0,0,176,176,176,0,0,100,100,100
84122,Sarrians,5841,"58,7052910534",0,0,4048,5837,5841,0,0,69,100,100
84123,Sault,1352,"36,2592360831376",0,0,0,1352,1352,0,0,0,100,100
84124,Saumane-de-Vaucluse,911,"52,0799797687226",0,0,822,883,911,0,0,90,97,100
84125,Savoillan,86,"37,8672647129001",0,0,0,86,86,0,0,0,100,100
84126,Séguret,849,"49,8973396432404",0,0,0,847,849,0,0,0,100,100
84127,Sérignan-du-Comtat,2448,"52,8182385933092",0,0,38,2435,2448,0,0,2,99,100
84128,Sivergues,42,"40,258696877383",0,0,39,42,42,0,0,93,100,100
84129,Sorgues,18473,"66,6221534248133",53,0,18350,18222,18473,0,0,99,99,100
84130,Suzette,122,"44,3683273599849",0,0,0,120,122,0,0,0,98,100
84131,Taillades,1968,"55,1750879198552",0,0,1968,1964,1968,0,0,100,100,100
84132,Le Thor,8416,"59,3846597707386",0,0,8416,8396,8416,0,0,100,100,100
84133,La Tour-d'Aigues,4115,"51,7023810954117",0,0,4115,4028,4115,0,0,100,98,100
84134,Travaillan,694,"53,0918642648269",0,0,0,682,694,0,0,0,98,100
84135,Uchaux,1429,"49,5554797698219",0,0,0,1408,1429,0,0,0,99,100
84136,Vacqueyras,1085,"54,131622226665",0,0,3,1076,1085,0,0,0,99,100
84137,Vaison-la-Romaine,6123,"51,9448539822734",0,0,19,6123,6123,0,0,0,100,100
84138,Valréas,9545,"52,8398681880022",0,0,397,9545,9545,0,0,4,100,100
84139,Fontaine-de-Vaucluse,653,"52,9060994504239",0,0,653,653,653,0,0,100,100,100
84140,Vaugines,494,"45,246218872787",0,0,494,494,494,0,0,100,100,100
84141,Vedène,10640,"66,5013814878509",48,0,10640,10619,10640,0,0,100,100,100
84142,Velleron,2927,"56,0048525039639",0,0,2925,2908,2927,0,0,100,99,100
84143,Venasque,1158,"50,6241426410703",0,0,26,1158,1158,0,0,2,100,100
84144,Viens,617,"39,8841360351848",0,0,566,617,617,0,0,92,100,100
84145,Villars,794,"45,2602152830641",0,0,740,794,794,0,0,93,100,100
84146,Villedieu,515,"49,0812102604973",0,0,0,515,515,0,0,0,100,100
84147,Villelaure,3246,"51,2015343666145",0,0,3246,3231,3246,0,0,100,100,100
84148,Villes-sur-Auzon,1297,"47,9745980964085",0,0,0,1297,1297,0,0,0,100,100
84149,Violès,1558,"52,9114590529824",0,0,19,1558,1558,0,0,1,100,100
84150,Visan,1911,"51,5716095863585",0,0,0,1907,1911,0,0,0,100,100
84151,Vitrolles-en-Lubéron,207,"42,8994849945222",0,0,207,196,207,0,0,100,95,100
